{"stats":{"minecraft:used":{"iceandfire:silver_sword":37,"minecraft:stone_pickaxe":70,"minecraft:birch_boat":2,"minecraft:decorated_pot":1,"minecraft:chest":1,"minecraft:shield":34,"minecraft:wooden_pickaxe":4,"minecraft:torch":2,"minecraft:dirt":2,"minecraft:crafting_table":6,"minecraft:white_bed":2,"iceandfire:silver_pickaxe":34,"minecraft:iron_helmet":1,"minecraft:iron_boots":1,"minecraft:stone_axe":32,"minecraft:cobblestone":14,"minecraft:furnace":5,"minecraft:andesite":3,"iceandfire:silver_shovel":103,"minecraft:cooked_beef":8},"minecraft:picked_up":{"minecraft:birch_log":4,"iceandfire:dragon_skull_lightning":2,"minecraft:crafting_table":5,"minecraft:feather":3,"minecraft:chicken":3,"minecraft:andesite":4,"minecraft:leather":8,"minecraft:birch_planks":13,"minecraft:wither_rose":2,"minecraft:oak_log":4,"minecraft:shield":1,"minecraft:lapis_lazuli":9,"minecraft:dirt":2,"minecraft:bone":1,"minecraft:beef":11,"minecraft:sugar_cane":15,"minecraft:chest":1,"minecraft:furnace":5,"minecraft:raw_iron":14,"iceandfire:dragonbone":57,"minecraft:birch_boat":1,"minecraft:cooked_porkchop":1,"minecraft:torch":2,"minecraft:acacia_log":4,"iceandfire:dragon_skull_fire":1,"minecraft:sand":95,"minecraft:white_bed":1,"minecraft:decorated_pot":2,"minecraft:black_wool":1,"minecraft:mutton":11,"minecraft:coal":97,"iceandfire:raw_silver":17,"minecraft:white_wool":12,"minecraft:cobblestone":28},"minecraft:broken":{"minecraft:shield":1},"minecraft:mined":{"minecraft:white_bed":1,"iceandfire:graveyard_soil":10,"iceandfire:silver_ore":13,"minecraft:mossy_cobblestone":3,"minecraft:cobblestone_stairs":1,"minecraft:crafting_table":5,"minecraft:torch":2,"minecraft:acacia_log":5,"minecraft:grass_block":1,"minecraft:decorated_pot":2,"minecraft:chest":1,"minecraft:tall_grass":1,"minecraft:cobblestone":1,"minecraft:lapis_ore":1,"minecraft:sugar_cane":9,"minecraft:furnace":5,"minecraft:birch_log":4,"minecraft:iron_ore":14,"minecraft:fire":8,"minecraft:andesite":6,"minecraft:stone_brick_stairs":1,"minecraft:wither_rose":2,"minecraft:grass":3,"minecraft:coal_ore":31,"minecraft:oak_log":4,"minecraft:vine":2,"minecraft:sand":96,"minecraft:dirt":2,"minecraft:stone":29,"minecraft:oak_leaves":4,"minecraft:suspicious_gravel":1},"minecraft:killed":{"minecraft:spider":1,"minecraft:sheep":9,"minecraft:skeleton":1,"minecraft:zombie":1,"iceandfire:ghost":2,"minecraft:chicken":3,"minecraft:cow":6},"minecraft:dropped":{"minecraft:birch_planks":2,"minecraft:crafting_table":1,"minecraft:decorated_pot":1,"minecraft:stick":3,"minecraft:andesite":1,"minecraft:sand":31,"minecraft:stone_pickaxe":1,"minecraft:wooden_pickaxe":1,"minecraft:white_wool":4,"minecraft:black_wool":1},"minecraft:custom":{"minecraft:interact_with_furnace":28,"minecraft:mob_kills":23,"minecraft:interact_with_crafting_table":19,"minecraft:leave_game":2,"minecraft:time_since_death":18690,"minecraft:sleep_in_bed":2,"minecraft:climb_one_cm":277,"minecraft:time_since_rest":14658,"minecraft:sprint_one_cm":150895,"minecraft:damage_taken":3356,"minecraft:walk_one_cm":86952,"minecraft:damage_blocked_by_shield":690,"minecraft:trigger_trapped_chest":2,"minecraft:drop":11,"minecraft:damage_dealt":2896,"minecraft:swim_one_cm":111334,"minecraft:fly_one_cm":366377,"minecraft:open_chest":14,"minecraft:crouch_one_cm":2227,"minecraft:play_time":64064,"minecraft:deaths":11,"minecraft:sneak_time":866,"minecraft:walk_under_water_one_cm":14213,"minecraft:boat_one_cm":46632,"minecraft:jump":1596,"minecraft:walk_on_water_one_cm":22310,"minecraft:total_world_time":64064,"minecraft:fall_one_cm":44423},"minecraft:crafted":{"minecraft:cooked_beef":8,"iceandfire:silver_ingot":13,"minecraft:birch_boat":1,"minecraft:wooden_pickaxe":1,"minecraft:iron_helmet":1,"iceandfire:silver_shovel":1,"minecraft:furnace":1,"minecraft:stone_axe":1,"minecraft:air":0,"minecraft:iron_boots":1,"minecraft:iron_chestplate":1,"minecraft:shield":2,"minecraft:stick":8,"minecraft:iron_ingot":10,"minecraft:stone_pickaxe":1,"minecraft:iron_leggings":1,"minecraft:white_bed":1,"minecraft:acacia_planks":16,"minecraft:torch":8,"iceandfire:silver_pickaxe":1,"iceandfire:silver_sword":1},"minecraft:killed_by":{"minecraft:spider":1,"iceandfire:fire_dragon":10}},"DataVersion":3465}