{"stats":{"minecraft:used":{"iceandfire:silver_sword":87,"minecraft:iron_shovel":42,"minecraft:shield":43,"minecraft:decorated_pot":1,"minecraft:chest":4,"minecraft:cooked_salmon":2,"minecraft:torch":35,"minecraft:dirt":102,"minecraft:carrot":24,"minecraft:iron_hoe":53,"minecraft:grass_block":1,"minecraft:iron_helmet":1,"minecraft:iron_boots":1,"minecraft:furnace":7,"minecraft:oak_sapling":3,"minecraft:potato":2,"minecraft:cooked_beef":11,"minecraft:cooked_mutton":3,"minecraft:water_bucket":17,"minecraft:stone_pickaxe":70,"minecraft:wooden_pickaxe":4,"minecraft:birch_boat":2,"minecraft:sand":6,"minecraft:crafting_table":8,"minecraft:white_bed":3,"iceandfire:silver_pickaxe":87,"minecraft:oak_log":2,"minecraft:stone_axe":56,"minecraft:cobblestone":17,"minecraft:cooked_porkchop":1,"minecraft:andesite":3,"minecraft:bucket":18,"minecraft:oak_boat":4,"iceandfire:silver_shovel":193,"minecraft:bone_meal":9},"minecraft:picked_up":{"iceandfire:dragon_skull_lightning":3,"minecraft:crafting_table":5,"minecraft:chicken":4,"minecraft:wither_rose":2,"minecraft:shield":1,"minecraft:string":2,"minecraft:iron_shovel":1,"minecraft:beef":14,"minecraft:oak_boat":4,"minecraft:sugar_cane":15,"minecraft:chest":1,"minecraft:furnace":5,"minecraft:raw_iron":16,"minecraft:stick":5,"iceandfire:dragonbone":57,"minecraft:torch":5,"minecraft:acacia_log":4,"minecraft:carrot":9,"minecraft:arrow":2,"minecraft:rotten_flesh":6,"minecraft:decorated_pot":2,"minecraft:mutton":11,"minecraft:white_wool":12,"minecraft:cobblestone":39,"minecraft:birch_log":10,"minecraft:feather":4,"minecraft:andesite":4,"minecraft:leather":10,"minecraft:birch_planks":13,"minecraft:flint":1,"minecraft:oak_log":16,"minecraft:lapis_lazuli":9,"minecraft:dirt":166,"minecraft:bone":5,"minecraft:acacia_planks":12,"minecraft:wheat_seeds":20,"minecraft:oak_planks":4,"minecraft:cooked_porkchop":1,"minecraft:birch_boat":1,"iceandfire:dragon_skull_fire":1,"minecraft:sand":96,"minecraft:white_bed":1,"minecraft:grass_block":1,"minecraft:oak_sapling":4,"minecraft:coal":128,"minecraft:black_wool":1,"iceandfire:raw_silver":18,"minecraft:ender_pearl":1},"minecraft:broken":{"minecraft:iron_shovel":1,"minecraft:shield":1},"minecraft:mined":{"iceandfire:silver_ore":14,"minecraft:white_bed":1,"iceandfire:graveyard_soil":10,"minecraft:mossy_cobblestone":3,"minecraft:cobblestone_stairs":1,"minecraft:glow_lichen":1,"minecraft:acacia_log":5,"minecraft:grass_block":123,"minecraft:decorated_pot":2,"minecraft:furnace":5,"minecraft:carrots":3,"minecraft:iron_ore":16,"minecraft:fire":15,"minecraft:andesite":6,"minecraft:vine":2,"minecraft:stone":40,"minecraft:crafting_table":5,"minecraft:torch":2,"minecraft:chest":1,"minecraft:cobblestone":1,"minecraft:tall_grass":36,"minecraft:lapis_ore":1,"minecraft:sugar_cane":9,"minecraft:birch_log":10,"minecraft:wither_rose":2,"minecraft:stone_brick_stairs":1,"minecraft:grass":90,"minecraft:oak_log":14,"minecraft:coal_ore":62,"minecraft:gravel":1,"minecraft:dirt":11,"minecraft:sand":97,"minecraft:oak_leaves":6,"minecraft:suspicious_gravel":1},"minecraft:killed":{"minecraft:spider":2,"minecraft:skeleton":4,"minecraft:chicken":4,"minecraft:zombie_villager":1,"minecraft:sheep":9,"minecraft:zombie":6,"iceandfire:ghost":2,"minecraft:enderman":2,"minecraft:cow":7},"minecraft:dropped":{"minecraft:birch_planks":2,"minecraft:wheat_seeds":1,"minecraft:oak_log":2,"minecraft:crafting_table":1,"minecraft:decorated_pot":1,"minecraft:stick":3,"minecraft:dirt":4,"minecraft:sand":31,"minecraft:white_wool":4,"minecraft:acacia_planks":8,"minecraft:oak_planks":4,"minecraft:andesite":1,"minecraft:stone_pickaxe":1,"minecraft:wooden_pickaxe":1,"iceandfire:dragon_skull_lightning":1,"minecraft:black_wool":1},"minecraft:crafted":{"minecraft:oak_planks":8,"minecraft:birch_boat":1,"iceandfire:silver_shovel":1,"minecraft:furnace":2,"minecraft:cooked_mutton":11,"minecraft:iron_boots":1,"minecraft:iron_hoe":1,"minecraft:stone_pickaxe":1,"minecraft:chest":3,"minecraft:cooked_beef":11,"iceandfire:silver_ingot":13,"minecraft:wooden_pickaxe":1,"minecraft:iron_helmet":1,"minecraft:bucket":1,"minecraft:birch_planks":24,"minecraft:stone_axe":1,"minecraft:air":0,"minecraft:oak_boat":1,"minecraft:iron_chestplate":1,"minecraft:shield":2,"minecraft:stick":20,"minecraft:iron_ingot":15,"minecraft:iron_leggings":1,"minecraft:white_bed":2,"minecraft:acacia_planks":16,"minecraft:torch":40,"iceandfire:silver_pickaxe":1,"iceandfire:silver_sword":1},"minecraft:custom":{"minecraft:mob_kills":40,"minecraft:interact_with_crafting_table":30,"minecraft:leave_game":2,"minecraft:time_since_death":42690,"minecraft:climb_one_cm":277,"minecraft:sprint_one_cm":224658,"minecraft:walk_one_cm":156592,"minecraft:damage_blocked_by_shield":1320,"minecraft:drop":19,"minecraft:play_time":88064,"minecraft:deaths":11,"minecraft:sneak_time":975,"minecraft:walk_under_water_one_cm":16713,"minecraft:boat_one_cm":56454,"minecraft:jump":2346,"minecraft:walk_on_water_one_cm":23643,"minecraft:total_world_time":88064,"minecraft:interact_with_furnace":42,"minecraft:sleep_in_bed":2,"minecraft:time_since_rest":38658,"minecraft:damage_taken":3922,"minecraft:trigger_trapped_chest":2,"minecraft:damage_dealt":6318,"minecraft:fly_one_cm":518924,"minecraft:swim_one_cm":115028,"minecraft:open_chest":34,"minecraft:crouch_one_cm":2479,"minecraft:fall_one_cm":67857},"minecraft:killed_by":{"minecraft:spider":1,"iceandfire:fire_dragon":10}},"DataVersion":3465}