{"stats":{"minecraft:broken":{"minecraft:stone_sword":1,"minecraft:stone_hoe":1,"minecraft:shield":1,"minecraft:stone_axe":1,"minecraft:iron_pickaxe":1},"minecraft:killed_by":{"iceandfire:deathworm":1,"iceandfire:myrmex_worker":1,"minecraft:creeper":1,"minecraft:skeleton":4,"iceandfire:myrmex_soldier":9,"iceandfire:myrmex_sentinel":3},"minecraft:used":{"minecraft:stone_sword":124,"minecraft:red_sand":7,"minecraft:iron_shovel":81,"minecraft:spruce_slab":74,"minecraft:ladder":46,"minecraft:spruce_planks":16,"minecraft:chest":10,"minecraft:shield":63,"minecraft:white_terracotta":2,"minecraft:iron_sword":69,"minecraft:bell":1,"minecraft:stone_hoe":131,"minecraft:rotten_flesh":5,"minecraft:iron_chestplate":1,"minecraft:torch":3,"minecraft:dirt":13,"minecraft:spruce_stairs":4,"minecraft:jungle_planks":21,"minecraft:cobblestone_wall":3,"minecraft:jungle_slab":64,"minecraft:tuff":2,"minecraft:spruce_fence":6,"minecraft:jungle_sapling":12,"minecraft:brown_terracotta":2,"iceandfire:lightning_lily":1,"another_furniture:spruce_shelf":5,"minecraft:iron_axe":58,"minecraft:jungle_log":14,"minecraft:hay_block":7,"minecraft:furnace":2,"minecraft:oak_sapling":1,"immersive_aircraft:biplane":1,"minecraft:cobbled_deepslate":12,"minecraft:orange_terracotta":8,"minecraft:diorite":1,"minecraft:cobblestone_stairs":1,"minecraft:stone_pickaxe":42,"minecraft:oak_planks":2,"minecraft:wooden_pickaxe":44,"minecraft:sandstone":2,"minecraft:sugar_cane":9,"minecraft:blue_bed":4,"minecraft:sand":2,"minecraft:terracotta":15,"minecraft:lime_bed":5,"minecraft:crafting_table":9,"minecraft:blast_furnace":1,"minecraft:dripstone_block":1,"minecraft:spruce_log":10,"minecraft:bread":54,"minecraft:cyan_bed":4,"minecraft:iron_pickaxe":265,"minecraft:spruce_trapdoor":29,"minecraft:stone_axe":264,"minecraft:purple_bed":3,"minecraft:cobblestone":58,"minecraft:oak_boat":3,"minecraft:bone_meal":11},"minecraft:dropped":{"minecraft:bread":3,"minecraft:wheat_seeds":1,"minecraft:oak_log":5,"minecraft:cobblestone":35,"minecraft:jungle_planks":28,"minecraft:stick":34,"minecraft:diorite":1,"minecraft:green_dye":1,"minecraft:dead_bush":1,"minecraft:iron_axe":2,"minecraft:iron_pickaxe":1,"iceandfire:dragonbone":2,"minecraft:furnace":2,"minecraft:stone_axe":1,"minecraft:sugar_cane":1,"minecraft:stone_sword":1,"minecraft:rotten_flesh":14,"minecraft:poppy":1,"minecraft:rabbit_hide":1,"minecraft:lime_bed":1,"minecraft:gunpowder":2,"minecraft:iron_chestplate":1,"minecraft:spruce_log":220,"minecraft:bow":1,"minecraft:red_sand":7,"minecraft:stone_pickaxe":1},"minecraft:picked_up":{"minecraft:cocoa_beans":6,"minecraft:crafting_table":6,"minecraft:wheat":4,"minecraft:ladder":1,"minecraft:string":1,"minecraft:iron_axe":1,"minecraft:raw_copper":153,"minecraft:red_sand":14,"minecraft:cobbled_deepslate":12,"minecraft:spruce_planks":16,"another_furniture:spruce_shelf":3,"minecraft:oak_boat":3,"iceandfire:myrmex_desert_resin":2,"minecraft:jungle_sapling":17,"minecraft:poppy":1,"minecraft:spruce_slab":16,"minecraft:sugar_cane":51,"minecraft:chest":5,"minecraft:spruce_trapdoor":32,"minecraft:furnace":3,"minecraft:sandstone":2,"minecraft:raw_iron":57,"minecraft:stick":41,"iceandfire:dragonbone":28,"minecraft:brown_terracotta":2,"minecraft:torch":9,"minecraft:spruce_stairs":9,"minecraft:spruce_fence":2,"minecraft:pointed_dripstone":2,"minecraft:diorite":2,"minecraft:trident":1,"minecraft:redstone":79,"iceandfire:lightning_lily":3,"minecraft:arrow":16,"minecraft:cactus":3,"minecraft:rotten_flesh":41,"iceandfire:deathworm_chitin_yellow":6,"minecraft:hay_block":112,"minecraft:white_terracotta":2,"minecraft:bone_block":16,"minecraft:cobblestone":184,"minecraft:lime_bed":13,"minecraft:glow_ink_sac":9,"minecraft:salmon":2,"minecraft:jungle_log":185,"minecraft:tuff":2,"minecraft:oak_log":12,"minecraft:cobblestone_wall":3,"minecraft:gunpowder":4,"minecraft:cobblestone_stairs":1,"minecraft:lapis_lazuli":60,"minecraft:blue_bed":4,"minecraft:dirt":22,"minecraft:orange_terracotta":8,"minecraft:bone":12,"minecraft:bow":1,"minecraft:wheat_seeds":14,"minecraft:raw_gold":5,"minecraft:bell":1,"minecraft:rabbit_hide":1,"minecraft:iron_ingot":8,"minecraft:rabbit":1,"minecraft:bamboo":8,"iceandfire:dragon_skull_fire":1,"minecraft:dripstone_block":1,"minecraft:gravel":6,"minecraft:sand":57,"minecraft:jungle_planks":106,"minecraft:spruce_sapling":2,"minecraft:blast_furnace":1,"minecraft:spruce_log":242,"minecraft:dead_bush":1,"minecraft:cyan_bed":5,"minecraft:spruce_door":1,"minecraft:jungle_slab":4,"iceandfire:myrmex_stinger":1,"minecraft:spider_eye":1,"minecraft:mossy_cobblestone":8,"minecraft:purple_bed":4,"minecraft:stone_axe":1,"minecraft:diamond":1,"minecraft:bread":1,"minecraft:terracotta":15,"minecraft:oak_sapling":4,"minecraft:coal":89,"iceandfire:raw_silver":3},"minecraft:custom":{"minecraft:mob_kills":51,"minecraft:interact_with_crafting_table":52,"minecraft:bell_ring":17,"minecraft:time_since_death":104616,"minecraft:climb_one_cm":22398,"minecraft:sprint_one_cm":316148,"minecraft:walk_one_cm":437004,"minecraft:damage_blocked_by_shield":2850,"minecraft:drop":46,"minecraft:talked_to_villager":5,"minecraft:play_time":166733,"minecraft:deaths":19,"minecraft:sneak_time":6280,"minecraft:walk_under_water_one_cm":12273,"minecraft:boat_one_cm":120067,"minecraft:jump":2813,"minecraft:interact_with_blast_furnace":12,"minecraft:walk_on_water_one_cm":19090,"minecraft:total_world_time":166733,"minecraft:interact_with_furnace":41,"minecraft:sleep_in_bed":6,"minecraft:time_since_rest":6642,"minecraft:waystone_activated":1,"minecraft:damage_taken":8107,"minecraft:damage_dealt":11263,"minecraft:swim_one_cm":12070,"minecraft:player_kills":1,"minecraft:fly_one_cm":441257,"minecraft:open_chest":68,"minecraft:crouch_one_cm":21187,"minecraft:fall_one_cm":75175,"minecraft:horse_one_cm":120},"minecraft:killed":{"minecraft:spider":2,"minecraft:skeleton":13,"minecraft:drowned":2,"iceandfire:deathworm":3,"iceandfire:myrmex_sentinel":1,"iceandfire:myrmex_worker":1,"minecraft:husk":7,"minecraft:zombie_villager":2,"minecraft:iron_golem":2,"minecraft:creeper":2,"minecraft:zombie":11,"minecraft:glow_squid":1,"minecraft:player":1},"minecraft:mined":{"iceandfire:lightning_lily":3,"minecraft:spruce_planks":18,"iceandfire:silver_ore":3,"minecraft:mossy_cobblestone":7,"minecraft:deepslate_diamond_ore":1,"minecraft:jungle_slab":4,"minecraft:cobblestone_stairs":1,"minecraft:jungle_leaves":40,"minecraft:spruce_trapdoor":32,"minecraft:ladder":1,"minecraft:red_sand":2,"minecraft:spruce_fence":2,"minecraft:grass_block":19,"minecraft:jungle_planks":22,"minecraft:jungle_log":95,"minecraft:spruce_leaves":1,"minecraft:sandstone":3,"minecraft:hay_block":111,"minecraft:furnace":3,"minecraft:jungle_sapling":2,"minecraft:iron_ore":13,"minecraft:deepslate_lapis_ore":2,"minecraft:bell":1,"minecraft:pointed_dripstone":1,"minecraft:deepslate_iron_ore":38,"minecraft:vine":14,"minecraft:bamboo":2,"minecraft:stone":52,"minecraft:bone_block":16,"minecraft:spruce_slab":13,"minecraft:deepslate_redstone_ore":18,"minecraft:glass_pane":4,"minecraft:orange_terracotta":4,"minecraft:spruce_door":1,"minecraft:crafting_table":7,"minecraft:blast_furnace":1,"minecraft:chest":5,"minecraft:dead_bush":1,"minecraft:copper_ore":37,"minecraft:cobblestone":47,"minecraft:deepslate_gold_ore":5,"minecraft:lapis_ore":6,"minecraft:cyan_bed":5,"minecraft:sugar_cane":29,"minecraft:diorite":1,"minecraft:blue_bed":4,"minecraft:wall_torch":2,"minecraft:spruce_stairs":9,"minecraft:white_terracotta":2,"minecraft:purple_bed":4,"minecraft:lime_bed":11,"minecraft:cactus":1,"minecraft:cobblestone_wall":3,"minecraft:wheat":4,"minecraft:spruce_log":66,"minecraft:grass":3,"minecraft:coal_ore":52,"minecraft:oak_log":12,"minecraft:dripstone_block":1,"minecraft:gravel":6,"minecraft:sand":59,"minecraft:dirt":3,"minecraft:brown_terracotta":2,"minecraft:terracotta":15,"another_furniture:spruce_shelf":3,"minecraft:deepslate":13,"minecraft:oak_leaves":5,"minecraft:fern":3},"minecraft:crafted":{"immersive_aircraft:engine":1,"minecraft:smooth_stone":6,"minecraft:oak_planks":28,"immersive_aircraft:sturdy_pipes":1,"minecraft:furnace":5,"minecraft:blast_furnace":2,"immersive_aircraft:biplane":1,"minecraft:piston":2,"minecraft:stone":6,"minecraft:bone_meal":21,"minecraft:spruce_fence":6,"another_furniture:spruce_shelf":3,"minecraft:iron_axe":1,"minecraft:ladder":45,"minecraft:spruce_slab":66,"immersive_aircraft:hull":3,"minecraft:stone_pickaxe":2,"immersive_aircraft:steel_boiler":1,"minecraft:chest":5,"minecraft:stone_hoe":1,"minecraft:wheat":369,"iceandfire:silver_ingot":3,"immersive_aircraft:boiler":2,"minecraft:crafting_table":3,"minecraft:spruce_planks":60,"minecraft:wooden_pickaxe":1,"minecraft:iron_sword":1,"minecraft:copper_ingot":24,"minecraft:stone_axe":3,"immersive_aircraft:propeller":1,"minecraft:jungle_slab":60,"minecraft:bread":188,"minecraft:air":0,"minecraft:jungle_planks":132,"minecraft:oak_boat":1,"minecraft:spruce_trapdoor":2,"minecraft:iron_chestplate":2,"minecraft:shield":2,"minecraft:stick":136,"minecraft:iron_ingot":57,"minecraft:iron_pickaxe":2,"minecraft:stone_sword":2,"minecraft:iron_shovel":1}},"DataVersion":3465}