{"stats":{"minecraft:broken":{"minecraft:stone_sword":1,"minecraft:stone_hoe":1,"minecraft:shield":1},"minecraft:killed_by":{"iceandfire:deathworm":1,"iceandfire:myrmex_worker":1,"minecraft:creeper":1,"minecraft:skeleton":4,"iceandfire:myrmex_soldier":9,"iceandfire:myrmex_sentinel":3},"minecraft:used":{"minecraft:stone_sword":124,"minecraft:red_sand":7,"minecraft:iron_shovel":45,"minecraft:ladder":46,"minecraft:chest":7,"minecraft:shield":60,"minecraft:white_terracotta":2,"minecraft:iron_sword":55,"minecraft:bell":1,"minecraft:stone_hoe":131,"minecraft:rotten_flesh":5,"minecraft:torch":1,"minecraft:dirt":10,"minecraft:jungle_planks":18,"minecraft:jungle_slab":64,"minecraft:tuff":2,"minecraft:jungle_sapling":8,"minecraft:brown_terracotta":2,"iceandfire:lightning_lily":1,"minecraft:jungle_log":4,"minecraft:hay_block":7,"minecraft:furnace":2,"minecraft:oak_sapling":1,"minecraft:cobbled_deepslate":12,"minecraft:orange_terracotta":8,"minecraft:diorite":1,"minecraft:stone_pickaxe":1,"minecraft:oak_planks":2,"minecraft:wooden_pickaxe":44,"minecraft:sandstone":2,"minecraft:terracotta":15,"minecraft:lime_bed":5,"minecraft:crafting_table":7,"minecraft:blast_furnace":1,"minecraft:dripstone_block":1,"minecraft:bread":45,"minecraft:cyan_bed":4,"minecraft:iron_pickaxe":249,"minecraft:stone_axe":108,"minecraft:cobblestone":38,"minecraft:oak_boat":3,"minecraft:bone_meal":9},"minecraft:dropped":{"minecraft:bread":3,"minecraft:wheat_seeds":1,"minecraft:cobblestone":2,"minecraft:jungle_planks":28,"minecraft:stick":4,"minecraft:green_dye":1,"minecraft:dead_bush":1,"iceandfire:dragonbone":2,"minecraft:sugar_cane":1,"minecraft:stone_sword":1,"minecraft:rotten_flesh":14,"minecraft:poppy":1,"minecraft:rabbit_hide":1,"minecraft:lime_bed":1,"minecraft:gunpowder":2,"minecraft:red_sand":7,"minecraft:stone_pickaxe":1},"minecraft:picked_up":{"minecraft:cocoa_beans":6,"minecraft:crafting_table":5,"minecraft:wheat":4,"minecraft:ladder":1,"minecraft:string":1,"minecraft:raw_copper":129,"minecraft:red_sand":14,"minecraft:cobbled_deepslate":12,"minecraft:oak_boat":3,"iceandfire:myrmex_desert_resin":2,"minecraft:jungle_sapling":9,"minecraft:poppy":1,"minecraft:sugar_cane":42,"minecraft:chest":4,"minecraft:furnace":1,"minecraft:sandstone":2,"minecraft:raw_iron":57,"minecraft:stick":10,"iceandfire:dragonbone":28,"minecraft:brown_terracotta":2,"minecraft:torch":2,"minecraft:pointed_dripstone":2,"minecraft:diorite":2,"minecraft:redstone":79,"iceandfire:lightning_lily":3,"minecraft:arrow":14,"minecraft:cactus":3,"minecraft:rotten_flesh":41,"iceandfire:deathworm_chitin_yellow":6,"minecraft:hay_block":111,"minecraft:white_terracotta":2,"minecraft:bone_block":16,"minecraft:cobblestone":124,"minecraft:lime_bed":11,"minecraft:glow_ink_sac":9,"minecraft:salmon":2,"minecraft:jungle_log":43,"minecraft:tuff":2,"minecraft:oak_log":12,"minecraft:gunpowder":4,"minecraft:lapis_lazuli":60,"minecraft:dirt":19,"minecraft:orange_terracotta":8,"minecraft:bone":9,"minecraft:wheat_seeds":13,"minecraft:raw_gold":5,"minecraft:bell":1,"minecraft:rabbit_hide":1,"minecraft:iron_ingot":8,"minecraft:rabbit":1,"minecraft:bamboo":8,"iceandfire:dragon_skull_fire":1,"minecraft:dripstone_block":1,"minecraft:gravel":6,"minecraft:sand":47,"minecraft:jungle_planks":82,"minecraft:dead_bush":1,"minecraft:cyan_bed":5,"minecraft:jungle_slab":4,"iceandfire:myrmex_stinger":1,"minecraft:spider_eye":1,"minecraft:diamond":1,"minecraft:terracotta":15,"minecraft:oak_sapling":4,"minecraft:coal":52,"iceandfire:raw_silver":3},"minecraft:custom":{"minecraft:mob_kills":47,"minecraft:interact_with_crafting_table":27,"minecraft:bell_ring":17,"minecraft:time_since_death":44616,"minecraft:climb_one_cm":22398,"minecraft:sprint_one_cm":237289,"minecraft:walk_one_cm":288115,"minecraft:damage_blocked_by_shield":2610,"minecraft:drop":28,"minecraft:talked_to_villager":3,"minecraft:play_time":106733,"minecraft:deaths":19,"minecraft:sneak_time":3264,"minecraft:walk_under_water_one_cm":7538,"minecraft:boat_one_cm":120067,"minecraft:jump":2247,"minecraft:interact_with_blast_furnace":6,"minecraft:walk_on_water_one_cm":14180,"minecraft:total_world_time":106733,"minecraft:interact_with_furnace":18,"minecraft:sleep_in_bed":4,"minecraft:time_since_rest":8206,"minecraft:damage_taken":7715,"minecraft:damage_dealt":10483,"minecraft:swim_one_cm":11102,"minecraft:player_kills":1,"minecraft:fly_one_cm":365467,"minecraft:open_chest":36,"minecraft:crouch_one_cm":11703,"minecraft:fall_one_cm":68040,"minecraft:horse_one_cm":120},"minecraft:killed":{"minecraft:spider":2,"minecraft:skeleton":11,"iceandfire:deathworm":3,"iceandfire:myrmex_sentinel":1,"iceandfire:myrmex_worker":1,"minecraft:husk":7,"minecraft:zombie_villager":2,"minecraft:iron_golem":2,"minecraft:creeper":2,"minecraft:zombie":11,"minecraft:glow_squid":1,"minecraft:player":1},"minecraft:mined":{"iceandfire:lightning_lily":3,"iceandfire:silver_ore":3,"minecraft:deepslate_diamond_ore":1,"minecraft:jungle_slab":4,"minecraft:jungle_leaves":34,"minecraft:ladder":1,"minecraft:red_sand":2,"minecraft:grass_block":16,"minecraft:jungle_planks":22,"minecraft:jungle_log":39,"minecraft:sandstone":3,"minecraft:hay_block":110,"minecraft:furnace":1,"minecraft:jungle_sapling":1,"minecraft:iron_ore":13,"minecraft:deepslate_lapis_ore":2,"minecraft:bell":1,"minecraft:pointed_dripstone":1,"minecraft:deepslate_iron_ore":38,"minecraft:vine":14,"minecraft:bamboo":2,"minecraft:stone":52,"minecraft:bone_block":16,"minecraft:deepslate_redstone_ore":18,"minecraft:orange_terracotta":4,"minecraft:crafting_table":6,"minecraft:chest":4,"minecraft:dead_bush":1,"minecraft:copper_ore":37,"minecraft:cobblestone":6,"minecraft:deepslate_gold_ore":5,"minecraft:lapis_ore":6,"minecraft:cyan_bed":5,"minecraft:sugar_cane":25,"minecraft:diorite":1,"minecraft:wall_torch":2,"minecraft:white_terracotta":2,"minecraft:lime_bed":10,"minecraft:cactus":1,"minecraft:wheat":4,"minecraft:grass":2,"minecraft:coal_ore":52,"minecraft:oak_log":12,"minecraft:dripstone_block":1,"minecraft:gravel":6,"minecraft:sand":51,"minecraft:dirt":3,"minecraft:brown_terracotta":2,"minecraft:terracotta":15,"minecraft:deepslate":13,"minecraft:oak_leaves":5,"minecraft:fern":2},"minecraft:crafted":{"minecraft:smooth_stone":3,"minecraft:oak_planks":28,"minecraft:furnace":2,"minecraft:blast_furnace":1,"minecraft:stone":3,"minecraft:bone_meal":21,"minecraft:ladder":45,"minecraft:stone_pickaxe":2,"minecraft:chest":3,"minecraft:stone_hoe":1,"minecraft:wheat":369,"minecraft:crafting_table":2,"minecraft:wooden_pickaxe":1,"minecraft:iron_sword":1,"minecraft:stone_axe":1,"immersive_aircraft:propeller":1,"minecraft:jungle_slab":60,"minecraft:bread":125,"minecraft:air":0,"minecraft:jungle_planks":132,"minecraft:oak_boat":1,"minecraft:shield":2,"minecraft:stick":120,"minecraft:iron_ingot":24,"minecraft:iron_pickaxe":1,"minecraft:stone_sword":2,"minecraft:iron_shovel":1}},"DataVersion":3465}