{"stats":{"minecraft:used":{"minecraft:brown_terracotta":2,"minecraft:stone_sword":19,"minecraft:red_sand":2,"iceandfire:lightning_lily":1,"minecraft:bread":1,"minecraft:wooden_pickaxe":44,"minecraft:white_terracotta":2,"minecraft:rotten_flesh":4,"minecraft:stone_axe":2,"minecraft:terracotta":15,"minecraft:crafting_table":2,"minecraft:oak_boat":1,"minecraft:orange_terracotta":4},"minecraft:dropped":{"minecraft:bread":3,"minecraft:stone_sword":1,"minecraft:stone_pickaxe":1},"minecraft:picked_up":{"minecraft:stick":5,"minecraft:crafting_table":2,"minecraft:salmon":2,"minecraft:brown_terracotta":2,"minecraft:oak_log":7,"minecraft:gunpowder":1,"minecraft:orange_terracotta":8,"iceandfire:lightning_lily":3,"minecraft:rotten_flesh":4,"minecraft:red_sand":14,"minecraft:hay_block":1,"minecraft:white_terracotta":2,"minecraft:terracotta":15,"minecraft:oak_sapling":1,"minecraft:sugar_cane":7,"minecraft:cobblestone":21},"minecraft:custom":{"minecraft:time_since_rest":16733,"minecraft:sprint_one_cm":37536,"minecraft:damage_taken":235,"minecraft:walk_one_cm":46672,"minecraft:mob_kills":5,"minecraft:drop":5,"minecraft:damage_dealt":1288,"minecraft:swim_one_cm":1182,"minecraft:interact_with_crafting_table":3,"minecraft:fly_one_cm":68037,"minecraft:open_chest":2,"minecraft:crouch_one_cm":312,"minecraft:play_time":16733,"minecraft:sneak_time":85,"minecraft:walk_under_water_one_cm":64,"minecraft:boat_one_cm":86696,"minecraft:jump":331,"minecraft:time_since_death":16733,"minecraft:walk_on_water_one_cm":590,"minecraft:total_world_time":16733,"minecraft:fall_one_cm":8102,"minecraft:horse_one_cm":120},"minecraft:killed":{"minecraft:zombie":4,"minecraft:creeper":1},"minecraft:mined":{"minecraft:white_terracotta":2,"iceandfire:lightning_lily":3,"minecraft:hay_block":1,"minecraft:orange_terracotta":4,"minecraft:crafting_table":2,"minecraft:red_sand":2,"minecraft:oak_log":7,"minecraft:dead_bush":1,"minecraft:brown_terracotta":2,"minecraft:terracotta":15,"minecraft:stone":21,"minecraft:sugar_cane":8,"minecraft:oak_leaves":1},"minecraft:crafted":{"minecraft:oak_boat":1,"minecraft:oak_planks":28,"minecraft:crafting_table":1,"minecraft:stick":8,"minecraft:wooden_pickaxe":1,"minecraft:stone_pickaxe":2,"minecraft:stone_sword":2,"minecraft:stone_axe":1,"minecraft:wheat":9}},"DataVersion":3465}