{"stats":{"minecraft:broken":{"minecraft:stone_hoe":1},"minecraft:killed_by":{"minecraft:skeleton":1,"minecraft:creeper":1,"iceandfire:myrmex_soldier":1},"minecraft:used":{"minecraft:red_sand":7,"minecraft:stone_sword":72,"minecraft:ladder":7,"minecraft:oak_planks":2,"minecraft:chest":4,"minecraft:wooden_pickaxe":44,"minecraft:white_terracotta":2,"minecraft:stone_hoe":131,"minecraft:rotten_flesh":5,"minecraft:terracotta":15,"minecraft:crafting_table":5,"minecraft:lime_bed":2,"minecraft:brown_terracotta":2,"iceandfire:lightning_lily":1,"minecraft:bread":8,"minecraft:stone_axe":20,"minecraft:cobblestone":4,"minecraft:hay_block":7,"minecraft:oak_boat":2,"minecraft:orange_terracotta":8},"minecraft:picked_up":{"minecraft:lime_bed":6,"minecraft:crafting_table":4,"minecraft:wheat":4,"minecraft:ladder":1,"minecraft:jungle_log":7,"minecraft:salmon":2,"minecraft:oak_log":7,"minecraft:gunpowder":1,"minecraft:orange_terracotta":8,"minecraft:wheat_seeds":8,"minecraft:red_sand":14,"minecraft:rabbit_hide":1,"minecraft:iron_ingot":8,"minecraft:oak_boat":2,"minecraft:bamboo":8,"minecraft:poppy":1,"minecraft:rabbit":1,"minecraft:sugar_cane":38,"minecraft:chest":1,"minecraft:stick":8,"minecraft:brown_terracotta":2,"minecraft:dead_bush":1,"minecraft:cyan_bed":1,"iceandfire:lightning_lily":3,"minecraft:rotten_flesh":14,"iceandfire:deathworm_chitin_yellow":5,"minecraft:hay_block":111,"minecraft:white_terracotta":2,"minecraft:terracotta":15,"minecraft:oak_sapling":1,"minecraft:cobblestone":21},"minecraft:dropped":{"minecraft:bread":3,"minecraft:stone_sword":1,"minecraft:cobblestone":2,"minecraft:rotten_flesh":4,"minecraft:stick":2,"minecraft:dead_bush":1,"minecraft:stone_pickaxe":1},"minecraft:custom":{"minecraft:mob_kills":11,"minecraft:interact_with_crafting_table":13,"minecraft:sleep_in_bed":2,"minecraft:time_since_death":324,"minecraft:climb_one_cm":10584,"minecraft:time_since_rest":356,"minecraft:sprint_one_cm":70758,"minecraft:damage_taken":1231,"minecraft:walk_one_cm":120658,"minecraft:drop":11,"minecraft:damage_dealt":3759,"minecraft:swim_one_cm":1182,"minecraft:fly_one_cm":114919,"minecraft:player_kills":1,"minecraft:open_chest":11,"minecraft:crouch_one_cm":2156,"minecraft:play_time":40733,"minecraft:deaths":3,"minecraft:sneak_time":680,"minecraft:walk_under_water_one_cm":64,"minecraft:boat_one_cm":120058,"minecraft:jump":725,"minecraft:walk_on_water_one_cm":1078,"minecraft:total_world_time":40733,"minecraft:fall_one_cm":17902,"minecraft:horse_one_cm":120},"minecraft:killed":{"minecraft:husk":1,"minecraft:iron_golem":2,"minecraft:creeper":1,"minecraft:zombie":5,"iceandfire:deathworm":2,"minecraft:player":1},"minecraft:mined":{"iceandfire:lightning_lily":3,"minecraft:jungle_leaves":32,"minecraft:orange_terracotta":4,"minecraft:crafting_table":5,"minecraft:ladder":1,"minecraft:red_sand":2,"minecraft:chest":1,"minecraft:jungle_log":9,"minecraft:dead_bush":1,"minecraft:cyan_bed":1,"minecraft:sugar_cane":24,"minecraft:hay_block":110,"minecraft:white_terracotta":2,"minecraft:lime_bed":6,"minecraft:wheat":4,"minecraft:oak_log":7,"minecraft:vine":5,"minecraft:brown_terracotta":2,"minecraft:bamboo":2,"minecraft:terracotta":15,"minecraft:stone":21,"minecraft:oak_leaves":3},"minecraft:crafted":{"minecraft:oak_planks":28,"minecraft:crafting_table":1,"minecraft:wooden_pickaxe":1,"minecraft:stone_axe":1,"minecraft:bread":125,"minecraft:jungle_planks":28,"minecraft:oak_boat":1,"minecraft:shield":1,"minecraft:ladder":6,"minecraft:stick":24,"minecraft:stone_pickaxe":2,"minecraft:stone_sword":2,"minecraft:chest":3,"minecraft:stone_hoe":1,"minecraft:wheat":369}},"DataVersion":3465}