{"stats":{"minecraft:used":{"iceandfire:silver_sword":128,"minecraft:iron_shovel":42,"minecraft:flint_and_steel":2,"minecraft:shield":46,"minecraft:decorated_pot":1,"minecraft:chest":5,"minecraft:wooden_shovel":35,"minecraft:cooked_salmon":2,"minecraft:rotten_flesh":4,"minecraft:torch":35,"minecraft:dirt":213,"minecraft:nether_bricks":7,"minecraft:carrot":24,"minecraft:iron_hoe":53,"minecraft:lava_bucket":10,"minecraft:grass_block":1,"minecraft:iron_helmet":1,"minecraft:iron_boots":1,"minecraft:furnace":7,"minecraft:oak_sapling":3,"minecraft:potato":2,"minecraft:cooked_beef":14,"minecraft:cooked_mutton":10,"minecraft:water_bucket":29,"minecraft:stone_pickaxe":70,"minecraft:wooden_pickaxe":12,"minecraft:birch_boat":2,"minecraft:sand":6,"minecraft:crafting_table":8,"minecraft:white_bed":4,"iceandfire:silver_pickaxe":96,"minecraft:oak_log":2,"minecraft:stone_axe":56,"minecraft:cobblestone":19,"minecraft:cooked_porkchop":1,"minecraft:andesite":3,"minecraft:bucket":39,"minecraft:oak_boat":4,"iceandfire:silver_shovel":201,"minecraft:bone_meal":9},"minecraft:picked_up":{"iceandfire:dragon_skull_lightning":3,"minecraft:crafting_table":5,"minecraft:chicken":4,"minecraft:wither_rose":2,"minecraft:shield":2,"minecraft:string":2,"minecraft:iron_shovel":1,"minecraft:beef":16,"minecraft:oak_boat":4,"minecraft:sugar_cane":15,"minecraft:chest":1,"minecraft:furnace":5,"minecraft:raw_iron":16,"minecraft:stick":6,"iceandfire:dragonbone":63,"minecraft:torch":5,"minecraft:acacia_log":4,"minecraft:carrot":9,"minecraft:arrow":2,"minecraft:rotten_flesh":10,"minecraft:decorated_pot":2,"minecraft:nether_bricks":7,"minecraft:mutton":11,"minecraft:white_wool":12,"minecraft:cobblestone":49,"minecraft:birch_log":10,"minecraft:feather":4,"minecraft:magma_cream":1,"minecraft:andesite":4,"minecraft:leather":11,"minecraft:birch_planks":13,"minecraft:flint":1,"minecraft:oak_log":20,"minecraft:gunpowder":1,"minecraft:lapis_lazuli":9,"minecraft:dirt":217,"minecraft:bone":5,"minecraft:acacia_planks":12,"minecraft:wheat_seeds":22,"minecraft:oak_planks":4,"minecraft:cooked_porkchop":1,"minecraft:birch_boat":1,"iceandfire:dragon_skull_fire":3,"minecraft:sand":96,"minecraft:white_bed":2,"minecraft:grass_block":1,"minecraft:slime_ball":3,"minecraft:oak_sapling":4,"minecraft:coal":130,"minecraft:black_wool":1,"iceandfire:raw_silver":18,"minecraft:ender_pearl":1},"minecraft:broken":{"minecraft:iron_shovel":1,"minecraft:shield":1},"minecraft:mined":{"iceandfire:silver_ore":14,"minecraft:white_bed":2,"iceandfire:graveyard_soil":10,"minecraft:mossy_cobblestone":3,"minecraft:cobblestone_stairs":1,"minecraft:glow_lichen":1,"minecraft:nether_bricks":7,"minecraft:acacia_log":5,"minecraft:grass_block":139,"minecraft:decorated_pot":2,"minecraft:furnace":5,"minecraft:carrots":3,"minecraft:iron_ore":16,"minecraft:fire":15,"minecraft:andesite":6,"minecraft:vine":2,"minecraft:stone":49,"minecraft:crafting_table":5,"minecraft:torch":2,"minecraft:chest":1,"minecraft:cobblestone":2,"minecraft:tall_grass":42,"minecraft:lapis_ore":1,"minecraft:sugar_cane":9,"minecraft:birch_log":10,"minecraft:wither_rose":2,"minecraft:stone_brick_stairs":1,"minecraft:grass":93,"minecraft:oak_log":18,"minecraft:coal_ore":62,"minecraft:gravel":1,"minecraft:dirt":48,"minecraft:sand":97,"minecraft:oak_leaves":9,"minecraft:suspicious_gravel":1},"minecraft:killed":{"minecraft:spider":2,"minecraft:slime":3,"minecraft:skeleton":4,"minecraft:chicken":4,"minecraft:zombie_villager":1,"minecraft:creeper":1,"minecraft:sheep":9,"minecraft:zombie":10,"iceandfire:ghost":2,"minecraft:enderman":2,"minecraft:cow":8},"minecraft:dropped":{"minecraft:birch_planks":2,"minecraft:wheat_seeds":2,"minecraft:oak_log":2,"minecraft:crafting_table":1,"minecraft:decorated_pot":1,"minecraft:coal":1,"minecraft:stick":3,"minecraft:dirt":4,"minecraft:sand":31,"minecraft:white_wool":4,"minecraft:acacia_planks":8,"iceandfire:dragon_skull_fire":1,"iceandfire:dragonbone":3,"minecraft:oak_planks":4,"minecraft:andesite":1,"minecraft:stone_pickaxe":1,"minecraft:wooden_pickaxe":1,"iceandfire:dragon_skull_lightning":1,"minecraft:black_wool":1},"minecraft:crafted":{"minecraft:oak_planks":8,"minecraft:stone_shovel":1,"minecraft:birch_boat":1,"iceandfire:silver_shovel":1,"minecraft:furnace":2,"minecraft:cooked_mutton":11,"minecraft:flint_and_steel":1,"minecraft:iron_boots":1,"minecraft:iron_hoe":1,"minecraft:stone_pickaxe":2,"minecraft:chest":4,"minecraft:cooked_beef":16,"minecraft:wooden_shovel":1,"iceandfire:silver_ingot":13,"minecraft:wooden_pickaxe":2,"minecraft:iron_helmet":1,"minecraft:bucket":1,"minecraft:birch_planks":24,"minecraft:stone_axe":1,"minecraft:air":0,"minecraft:oak_boat":1,"minecraft:iron_chestplate":1,"minecraft:shield":3,"minecraft:stick":32,"minecraft:iron_ingot":16,"minecraft:stone_sword":1,"minecraft:iron_leggings":1,"minecraft:white_bed":2,"minecraft:acacia_planks":16,"minecraft:torch":40,"iceandfire:silver_pickaxe":1,"iceandfire:silver_sword":1},"minecraft:custom":{"minecraft:mob_kills":54,"minecraft:interact_with_crafting_table":37,"minecraft:damage_dealt_resisted":190,"minecraft:leave_game":2,"minecraft:time_since_death":1510,"minecraft:climb_one_cm":277,"minecraft:sprint_one_cm":277250,"minecraft:walk_one_cm":203122,"minecraft:damage_blocked_by_shield":1350,"minecraft:drop":23,"minecraft:play_time":112064,"minecraft:deaths":15,"minecraft:sneak_time":1547,"minecraft:walk_under_water_one_cm":17275,"minecraft:boat_one_cm":56454,"minecraft:jump":2912,"minecraft:walk_on_water_one_cm":24894,"minecraft:total_world_time":112064,"minecraft:interact_with_furnace":48,"minecraft:sleep_in_bed":2,"minecraft:time_since_rest":1533,"minecraft:damage_taken":5857,"minecraft:trigger_trapped_chest":2,"minecraft:damage_dealt":8418,"minecraft:fly_one_cm":619290,"minecraft:swim_one_cm":120573,"minecraft:open_chest":41,"minecraft:crouch_one_cm":3742,"minecraft:fall_one_cm":85947},"minecraft:killed_by":{"minecraft:wither_skeleton":2,"minecraft:spider":1,"minecraft:phantom":2,"iceandfire:fire_dragon":10}},"DataVersion":3465}