{"stats":{"minecraft:used":{"minecraft:stone_sword":25,"iceandfire:silver_sword":233,"minecraft:iron_shovel":42,"minecraft:flint_and_steel":2,"minecraft:stone_shovel":75,"minecraft:shield":68,"minecraft:decorated_pot":1,"minecraft:chest":5,"minecraft:wooden_shovel":35,"minecraft:cooked_salmon":2,"minecraft:cooked_chicken":5,"minecraft:rotten_flesh":17,"minecraft:torch":37,"minecraft:soul_sand":13,"minecraft:dirt":277,"minecraft:nether_bricks":41,"minecraft:carrot":24,"minecraft:nether_brick_stairs":1,"minecraft:iron_hoe":53,"minecraft:lava_bucket":10,"minecraft:grass_block":1,"minecraft:iron_helmet":1,"minecraft:iron_boots":1,"minecraft:furnace":7,"minecraft:oak_sapling":3,"minecraft:potato":35,"minecraft:cooked_beef":18,"minecraft:cooked_mutton":10,"minecraft:water_bucket":31,"minecraft:stone_pickaxe":74,"minecraft:blackstone":4,"minecraft:wooden_pickaxe":12,"minecraft:birch_boat":2,"minecraft:sand":6,"minecraft:crafting_table":8,"minecraft:white_bed":5,"iceandfire:silver_pickaxe":336,"minecraft:oak_log":2,"minecraft:stone_axe":56,"minecraft:cobblestone":47,"minecraft:cooked_porkchop":1,"minecraft:andesite":3,"minecraft:bucket":42,"minecraft:oak_boat":4,"iceandfire:silver_shovel":258,"minecraft:bone_meal":33},"minecraft:picked_up":{"iceandfire:dragon_skull_lightning":3,"minecraft:crafting_table":5,"minecraft:nether_wart":53,"minecraft:chicken":5,"minecraft:wither_rose":2,"minecraft:shield":2,"minecraft:string":20,"minecraft:iron_shovel":1,"minecraft:blackstone":4,"minecraft:cobbled_deepslate":6,"minecraft:beef":19,"minecraft:oak_boat":4,"minecraft:wooden_shovel":1,"minecraft:sugar_cane":15,"minecraft:chest":1,"minecraft:furnace":5,"minecraft:raw_iron":124,"minecraft:stick":6,"iceandfire:dragonbone":63,"minecraft:torch":5,"minecraft:acacia_log":4,"minecraft:carrot":9,"minecraft:redstone":22,"minecraft:stone_sword":4,"minecraft:arrow":9,"minecraft:rotten_flesh":18,"minecraft:decorated_pot":2,"minecraft:nether_bricks":50,"minecraft:blaze_rod":4,"minecraft:mutton":11,"minecraft:white_wool":12,"minecraft:cobblestone":81,"minecraft:birch_log":10,"minecraft:feather":5,"minecraft:magma_cream":1,"minecraft:andesite":7,"minecraft:leather":11,"minecraft:potato":37,"minecraft:birch_planks":13,"minecraft:flint":1,"minecraft:oak_log":20,"minecraft:gunpowder":1,"minecraft:wither_skeleton_skull":1,"minecraft:lapis_lazuli":46,"minecraft:dirt":303,"minecraft:bone":14,"minecraft:acacia_planks":12,"minecraft:bow":1,"minecraft:wheat_seeds":24,"minecraft:raw_gold":12,"minecraft:oak_planks":4,"minecraft:soul_sand":30,"minecraft:cooked_porkchop":1,"minecraft:birch_boat":1,"iceandfire:dragon_skull_fire":3,"minecraft:sand":96,"minecraft:nether_brick_stairs":1,"minecraft:white_bed":3,"minecraft:grass_block":1,"minecraft:mossy_cobblestone":2,"minecraft:slime_ball":5,"minecraft:oak_sapling":4,"minecraft:coal":136,"minecraft:black_wool":1,"iceandfire:raw_silver":31,"minecraft:ender_pearl":1},"minecraft:broken":{"minecraft:iron_shovel":1,"minecraft:shield":1},"minecraft:mined":{"iceandfire:silver_ore":27,"minecraft:white_bed":3,"iceandfire:graveyard_soil":10,"minecraft:mossy_cobblestone":5,"minecraft:cobblestone_stairs":1,"minecraft:glow_lichen":1,"minecraft:nether_bricks":51,"minecraft:acacia_log":5,"minecraft:grass_block":155,"minecraft:decorated_pot":2,"minecraft:nether_wart":26,"minecraft:redstone_ore":5,"minecraft:furnace":5,"minecraft:carrots":3,"minecraft:iron_ore":77,"minecraft:cobbled_deepslate":1,"minecraft:fire":18,"minecraft:andesite":10,"minecraft:deepslate_lapis_ore":6,"minecraft:nether_brick_stairs":1,"minecraft:potatoes":10,"minecraft:deepslate_iron_ore":48,"minecraft:vine":5,"minecraft:stone":75,"minecraft:redstone_wall_torch":5,"minecraft:blackstone":6,"minecraft:soul_sand":30,"minecraft:crafting_table":5,"minecraft:torch":2,"minecraft:chest":1,"minecraft:cobblestone":9,"minecraft:tall_grass":42,"minecraft:deepslate_gold_ore":9,"minecraft:lapis_ore":2,"minecraft:sugar_cane":9,"minecraft:birch_log":10,"minecraft:wither_rose":2,"minecraft:stone_brick_stairs":1,"minecraft:grass":100,"minecraft:oak_log":18,"minecraft:coal_ore":64,"minecraft:gravel":1,"minecraft:dirt":118,"minecraft:sand":97,"minecraft:cobweb":19,"minecraft:gold_ore":3,"minecraft:deepslate":5,"minecraft:oak_leaves":9,"minecraft:fern":1,"minecraft:suspicious_gravel":1},"minecraft:killed":{"minecraft:cave_spider":1,"minecraft:spider":2,"minecraft:slime":4,"minecraft:skeleton":7,"minecraft:chicken":5,"minecraft:zombie_villager":1,"minecraft:creeper":1,"minecraft:sheep":9,"minecraft:zombie":15,"iceandfire:ghost":2,"minecraft:wither_skeleton":2,"minecraft:blaze":6,"minecraft:enderman":2,"minecraft:cow":9},"minecraft:dropped":{"minecraft:birch_planks":3,"minecraft:wheat_seeds":2,"minecraft:oak_log":2,"minecraft:crafting_table":1,"minecraft:decorated_pot":1,"minecraft:coal":1,"minecraft:stick":3,"minecraft:dirt":4,"minecraft:sand":31,"minecraft:white_wool":4,"minecraft:acacia_planks":8,"iceandfire:dragon_skull_fire":1,"iceandfire:dragonbone":3,"minecraft:stone_sword":5,"minecraft:stone_shovel":2,"minecraft:oak_planks":4,"minecraft:andesite":1,"minecraft:wooden_shovel":2,"minecraft:arrow":2,"minecraft:stone_pickaxe":1,"minecraft:wooden_pickaxe":1,"iceandfire:dragon_skull_lightning":1,"minecraft:black_wool":1},"minecraft:crafted":{"minecraft:oak_planks":8,"minecraft:stone_shovel":3,"minecraft:cooked_chicken":5,"minecraft:birch_boat":1,"iceandfire:silver_shovel":1,"minecraft:furnace":2,"minecraft:cooked_mutton":11,"minecraft:flint_and_steel":1,"minecraft:iron_boots":1,"minecraft:iron_hoe":1,"minecraft:stone_pickaxe":2,"minecraft:chest":4,"minecraft:cooked_beef":19,"minecraft:wooden_shovel":1,"iceandfire:silver_ingot":13,"minecraft:wooden_pickaxe":2,"minecraft:iron_helmet":1,"minecraft:bucket":1,"minecraft:birch_planks":24,"minecraft:stone_axe":1,"minecraft:air":0,"minecraft:oak_boat":1,"minecraft:iron_chestplate":1,"minecraft:shield":3,"minecraft:stick":32,"minecraft:iron_ingot":16,"minecraft:stone_sword":1,"minecraft:iron_leggings":1,"minecraft:white_bed":2,"minecraft:acacia_planks":16,"minecraft:torch":40,"iceandfire:silver_pickaxe":1,"iceandfire:silver_sword":1},"minecraft:custom":{"minecraft:mob_kills":91,"minecraft:interact_with_crafting_table":40,"minecraft:open_barrel":11,"minecraft:damage_dealt_resisted":235,"minecraft:leave_game":2,"minecraft:time_since_death":44046,"minecraft:climb_one_cm":377,"minecraft:sprint_one_cm":386492,"minecraft:walk_one_cm":386120,"minecraft:damage_blocked_by_shield":2505,"minecraft:drop":35,"minecraft:play_time":160064,"minecraft:deaths":18,"minecraft:sneak_time":2593,"minecraft:walk_under_water_one_cm":21454,"minecraft:boat_one_cm":56454,"minecraft:jump":3733,"minecraft:walk_on_water_one_cm":28461,"minecraft:total_world_time":160064,"minecraft:interact_with_furnace":56,"minecraft:sleep_in_bed":3,"minecraft:time_since_rest":22614,"minecraft:damage_taken":7637,"minecraft:trigger_trapped_chest":2,"minecraft:damage_dealt":14292,"minecraft:fly_one_cm":742011,"minecraft:swim_one_cm":121010,"minecraft:open_chest":64,"minecraft:crouch_one_cm":7642,"minecraft:horse_one_cm":103541,"minecraft:fall_one_cm":101538},"minecraft:killed_by":{"minecraft:wither_skeleton":4,"minecraft:spider":1,"minecraft:phantom":3,"iceandfire:fire_dragon":10}},"DataVersion":3465}