{"stats":{"minecraft:broken":{"minecraft:stone_sword":1,"minecraft:stone_hoe":1,"minecraft:shield":1,"minecraft:stone_axe":1,"minecraft:iron_pickaxe":1},"minecraft:killed_by":{"iceandfire:myrmex_worker":1,"iceandfire:deathworm":1,"minecraft:creeper":1,"minecraft:skeleton":4,"iceandfire:myrmex_soldier":9,"iceandfire:myrmex_sentinel":3},"minecraft:used":{"minecraft:stone_sword":124,"minecraft:red_sand":7,"minecraft:iron_shovel":81,"minecraft:spruce_slab":74,"minecraft:ladder":46,"minecraft:chest":10,"minecraft:spruce_planks":18,"minecraft:shield":72,"minecraft:white_terracotta":2,"minecraft:iron_sword":92,"minecraft:bell":1,"minecraft:rotten_flesh":5,"minecraft:stone_hoe":131,"minecraft:iron_chestplate":1,"minecraft:torch":3,"minecraft:dirt":16,"minecraft:spruce_stairs":15,"minecraft:jungle_planks":31,"minecraft:jungle_slab":64,"minecraft:cobblestone_wall":3,"minecraft:tuff":2,"minecraft:spruce_fence":8,"minecraft:granite":6,"minecraft:brown_terracotta":2,"minecraft:jungle_sapling":12,"iceandfire:lightning_lily":1,"another_furniture:spruce_shelf":5,"minecraft:iron_axe":116,"minecraft:jungle_log":14,"minecraft:bamboo":13,"minecraft:hay_block":7,"minecraft:scaffolding":16,"minecraft:furnace":6,"minecraft:oak_sapling":1,"immersive_aircraft:biplane":9,"minecraft:orange_terracotta":8,"minecraft:cobbled_deepslate":13,"minecraft:diorite":1,"minecraft:cobblestone_stairs":1,"minecraft:stone_pickaxe":104,"minecraft:oak_planks":2,"minecraft:sandstone":2,"minecraft:wooden_pickaxe":44,"minecraft:sugar_cane":9,"minecraft:blue_bed":4,"minecraft:mossy_cobblestone":2,"minecraft:sand":2,"minecraft:terracotta":15,"minecraft:lime_bed":5,"minecraft:crafting_table":11,"minecraft:blast_furnace":1,"minecraft:dripstone_block":1,"minecraft:spruce_log":19,"minecraft:bread":68,"minecraft:cyan_bed":4,"minecraft:iron_pickaxe":306,"minecraft:spruce_sapling":1,"minecraft:spruce_trapdoor":48,"minecraft:stone_axe":301,"minecraft:cobblestone":75,"minecraft:purple_bed":3,"minecraft:oak_boat":3,"minecraft:bone_meal":21},"minecraft:dropped":{"minecraft:bread":3,"minecraft:wheat_seeds":1,"minecraft:oak_log":5,"minecraft:cobblestone":35,"minecraft:jungle_planks":28,"minecraft:stick":35,"minecraft:diorite":1,"minecraft:green_dye":1,"minecraft:dead_bush":1,"minecraft:iron_axe":3,"minecraft:iron_pickaxe":1,"iceandfire:dragonbone":2,"minecraft:furnace":2,"minecraft:stone_axe":1,"minecraft:sugar_cane":1,"minecraft:stone_sword":1,"minecraft:cobbled_deepslate":1,"minecraft:rotten_flesh":14,"minecraft:poppy":1,"minecraft:rabbit_hide":1,"minecraft:lime_bed":1,"minecraft:gunpowder":2,"minecraft:iron_chestplate":1,"minecraft:bow":1,"minecraft:spruce_log":220,"minecraft:stone_pickaxe":1,"minecraft:red_sand":7},"minecraft:picked_up":{"minecraft:cocoa_beans":6,"minecraft:crafting_table":9,"minecraft:wheat":4,"minecraft:ladder":1,"iceandfire:sea_serpent_scales_teal":7,"minecraft:raw_copper":153,"minecraft:string":1,"minecraft:iron_axe":1,"immersive_aircraft:biplane":9,"minecraft:red_sand":14,"minecraft:cobbled_deepslate":14,"minecraft:spruce_planks":25,"another_furniture:spruce_shelf":3,"iceandfire:myrmex_desert_resin":2,"minecraft:oak_boat":3,"minecraft:jungle_sapling":17,"minecraft:poppy":1,"minecraft:spruce_slab":17,"minecraft:chest":5,"minecraft:sugar_cane":51,"minecraft:spruce_trapdoor":43,"minecraft:furnace":5,"minecraft:raw_iron":93,"minecraft:stick":42,"minecraft:sandstone":2,"iceandfire:dragonbone":28,"minecraft:brown_terracotta":2,"minecraft:torch":9,"minecraft:spruce_stairs":15,"minecraft:spruce_fence":2,"minecraft:pointed_dripstone":2,"minecraft:diorite":2,"minecraft:trident":1,"minecraft:redstone":79,"iceandfire:lightning_lily":3,"minecraft:arrow":16,"minecraft:rotten_flesh":43,"minecraft:cactus":3,"iceandfire:deathworm_chitin_yellow":6,"minecraft:hay_block":112,"minecraft:white_terracotta":2,"minecraft:glow_berries":4,"minecraft:bone_block":16,"minecraft:cobblestone":219,"minecraft:lime_bed":13,"iceandfire:sea_serpent_fang":1,"minecraft:glow_ink_sac":9,"minecraft:salmon":2,"minecraft:andesite":3,"minecraft:jungle_log":187,"minecraft:tuff":2,"minecraft:oak_log":12,"minecraft:gunpowder":4,"minecraft:cobblestone_wall":3,"minecraft:cobblestone_stairs":1,"minecraft:lapis_lazuli":85,"minecraft:blue_bed":4,"minecraft:dirt":30,"minecraft:orange_terracotta":8,"minecraft:bone":12,"minecraft:bow":1,"minecraft:wheat_seeds":14,"minecraft:raw_gold":6,"minecraft:bell":1,"minecraft:rabbit_hide":1,"minecraft:iron_ingot":8,"minecraft:rabbit":1,"minecraft:bamboo":25,"minecraft:scaffolding":5,"minecraft:dripstone_block":1,"minecraft:gravel":6,"iceandfire:dragon_skull_fire":1,"minecraft:jungle_planks":110,"minecraft:sand":57,"minecraft:spruce_sapling":13,"minecraft:blast_furnace":1,"minecraft:dead_bush":1,"minecraft:spruce_log":301,"minecraft:cyan_bed":5,"iceandfire:myrmex_stinger":1,"minecraft:jungle_slab":4,"minecraft:spider_eye":1,"minecraft:spruce_door":2,"minecraft:mossy_cobblestone":11,"minecraft:purple_bed":4,"minecraft:diamond":1,"minecraft:stone_axe":1,"minecraft:granite":6,"minecraft:bread":1,"minecraft:terracotta":15,"minecraft:oak_sapling":4,"minecraft:coal":108,"iceandfire:raw_silver":15},"minecraft:custom":{"minecraft:mob_kills":55,"minecraft:interact_with_crafting_table":67,"minecraft:bell_ring":17,"minecraft:leave_game":1,"minecraft:time_since_death":27846,"minecraft:climb_one_cm":27891,"minecraft:sprint_one_cm":391692,"minecraft:walk_one_cm":528812,"minecraft:damage_blocked_by_shield":4065,"minecraft:drop":49,"minecraft:talked_to_villager":6,"minecraft:play_time":202639,"minecraft:sneak_time":7853,"minecraft:deaths":20,"minecraft:walk_under_water_one_cm":20879,"minecraft:boat_one_cm":120067,"minecraft:jump":3502,"minecraft:interact_with_blast_furnace":12,"minecraft:walk_on_water_one_cm":27833,"minecraft:total_world_time":202639,"minecraft:interact_with_furnace":63,"minecraft:sleep_in_bed":6,"minecraft:time_since_rest":27876,"minecraft:waystone_activated":1,"minecraft:damage_taken":9186,"minecraft:damage_dealt":12655,"minecraft:player_kills":2,"minecraft:swim_one_cm":23746,"minecraft:fly_one_cm":553484,"minecraft:open_chest":86,"minecraft:crouch_one_cm":24195,"minecraft:fall_one_cm":96393,"minecraft:horse_one_cm":120},"minecraft:killed":{"minecraft:spider":2,"minecraft:skeleton":14,"minecraft:drowned":2,"iceandfire:deathworm":3,"iceandfire:myrmex_sentinel":1,"iceandfire:myrmex_worker":1,"minecraft:husk":7,"minecraft:zombie_villager":3,"minecraft:iron_golem":2,"minecraft:creeper":2,"minecraft:zombie":12,"minecraft:glow_squid":1,"minecraft:player":1,"iceandfire:sea_serpent":1},"minecraft:mined":{"iceandfire:lightning_lily":3,"minecraft:spruce_planks":25,"iceandfire:silver_ore":15,"minecraft:mossy_cobblestone":7,"minecraft:deepslate_diamond_ore":1,"minecraft:jungle_slab":4,"minecraft:cobblestone_stairs":1,"minecraft:jungle_leaves":40,"minecraft:spruce_trapdoor":43,"minecraft:cave_vines_plant":1,"minecraft:ladder":1,"minecraft:granite":1,"minecraft:red_sand":2,"minecraft:spruce_fence":2,"minecraft:grass_block":19,"minecraft:jungle_planks":26,"minecraft:jungle_log":97,"minecraft:spruce_leaves":1,"minecraft:sandstone":3,"minecraft:hay_block":111,"minecraft:furnace":5,"minecraft:jungle_sapling":2,"minecraft:iron_ore":46,"minecraft:deepslate_lapis_ore":6,"minecraft:bell":1,"minecraft:pointed_dripstone":1,"minecraft:deepslate_iron_ore":41,"minecraft:vine":14,"minecraft:bamboo":5,"minecraft:stone":67,"minecraft:bone_block":16,"minecraft:spruce_slab":14,"minecraft:scaffolding":6,"minecraft:deepslate_redstone_ore":18,"minecraft:glass_pane":4,"minecraft:orange_terracotta":4,"minecraft:spruce_door":2,"minecraft:crafting_table":10,"minecraft:blast_furnace":1,"minecraft:chest":5,"minecraft:dead_bush":1,"minecraft:copper_ore":37,"minecraft:cobblestone":60,"minecraft:deepslate_gold_ore":5,"minecraft:lapis_ore":6,"minecraft:cyan_bed":5,"minecraft:sugar_cane":29,"minecraft:diorite":1,"minecraft:wall_torch":2,"minecraft:blue_bed":4,"minecraft:spruce_stairs":15,"minecraft:white_terracotta":2,"minecraft:cactus":1,"minecraft:purple_bed":4,"minecraft:lime_bed":11,"minecraft:cobblestone_wall":3,"minecraft:wheat":4,"minecraft:spruce_log":122,"minecraft:grass":3,"minecraft:coal_ore":71,"minecraft:oak_log":12,"minecraft:dripstone_block":1,"minecraft:gravel":6,"minecraft:sand":59,"minecraft:dirt":4,"minecraft:brown_terracotta":2,"minecraft:terracotta":15,"minecraft:gold_ore":1,"another_furniture:spruce_shelf":3,"minecraft:oak_leaves":5,"minecraft:deepslate":13,"minecraft:fern":3},"minecraft:crafted":{"immersive_aircraft:engine":1,"minecraft:smooth_stone":6,"minecraft:oak_planks":28,"immersive_aircraft:sturdy_pipes":1,"minecraft:furnace":7,"minecraft:blast_furnace":2,"immersive_aircraft:biplane":1,"minecraft:piston":2,"minecraft:stone":6,"minecraft:bone_meal":21,"minecraft:spruce_fence":6,"another_furniture:spruce_shelf":3,"minecraft:scaffolding":12,"minecraft:spruce_stairs":4,"minecraft:iron_axe":3,"minecraft:ladder":45,"minecraft:spruce_slab":66,"immersive_aircraft:hull":3,"minecraft:stone_pickaxe":2,"immersive_aircraft:steel_boiler":1,"minecraft:chest":5,"minecraft:stone_hoe":1,"minecraft:wheat":369,"iceandfire:silver_ingot":8,"immersive_aircraft:boiler":2,"minecraft:crafting_table":3,"minecraft:spruce_planks":76,"minecraft:wooden_pickaxe":1,"minecraft:iron_sword":1,"minecraft:copper_ingot":24,"minecraft:stone_axe":3,"immersive_aircraft:propeller":1,"minecraft:jungle_slab":60,"minecraft:bread":188,"minecraft:air":0,"minecraft:jungle_planks":144,"minecraft:oak_boat":1,"minecraft:spruce_trapdoor":6,"minecraft:iron_chestplate":2,"minecraft:shield":2,"minecraft:stick":140,"minecraft:iron_ingot":77,"minecraft:iron_pickaxe":3,"minecraft:stone_sword":2,"minecraft:iron_shovel":1,"minecraft:iron_leggings":1}},"DataVersion":3465}