{"stats":{"minecraft:broken":{"minecraft:stone_hoe":1},"minecraft:killed_by":{"iceandfire:myrmex_worker":1,"minecraft:skeleton":1,"minecraft:creeper":1,"iceandfire:myrmex_soldier":9},"minecraft:used":{"minecraft:red_sand":7,"minecraft:stone_sword":82,"minecraft:stone_pickaxe":1,"minecraft:ladder":46,"minecraft:oak_planks":2,"minecraft:shield":40,"minecraft:chest":4,"minecraft:wooden_pickaxe":44,"minecraft:white_terracotta":2,"minecraft:stone_hoe":131,"minecraft:rotten_flesh":5,"minecraft:terracotta":15,"minecraft:crafting_table":6,"minecraft:lime_bed":2,"minecraft:brown_terracotta":2,"iceandfire:lightning_lily":1,"minecraft:bread":10,"minecraft:jungle_log":4,"minecraft:stone_axe":54,"minecraft:cobblestone":4,"minecraft:hay_block":7,"minecraft:oak_boat":3,"minecraft:orange_terracotta":8},"minecraft:dropped":{"minecraft:bread":3,"minecraft:wheat_seeds":1,"minecraft:stone_sword":1,"minecraft:cobblestone":2,"minecraft:rotten_flesh":13,"minecraft:stick":4,"minecraft:poppy":1,"minecraft:dead_bush":1,"minecraft:red_sand":7,"minecraft:stone_pickaxe":1},"minecraft:picked_up":{"minecraft:cocoa_beans":6,"minecraft:lime_bed":7,"minecraft:crafting_table":5,"minecraft:wheat":4,"minecraft:ladder":1,"minecraft:jungle_log":36,"minecraft:salmon":2,"minecraft:oak_log":7,"minecraft:gunpowder":1,"minecraft:dirt":16,"minecraft:orange_terracotta":8,"minecraft:wheat_seeds":13,"minecraft:red_sand":14,"minecraft:bell":1,"minecraft:rabbit_hide":1,"minecraft:iron_ingot":8,"minecraft:oak_boat":3,"minecraft:jungle_sapling":3,"minecraft:bamboo":8,"minecraft:poppy":1,"minecraft:rabbit":1,"minecraft:sugar_cane":38,"minecraft:chest":4,"minecraft:stick":9,"minecraft:brown_terracotta":2,"minecraft:dead_bush":1,"minecraft:cyan_bed":2,"iceandfire:lightning_lily":3,"minecraft:rotten_flesh":18,"iceandfire:deathworm_chitin_yellow":5,"minecraft:hay_block":111,"minecraft:white_terracotta":2,"minecraft:terracotta":15,"minecraft:oak_sapling":1,"minecraft:cobblestone":21},"minecraft:custom":{"minecraft:mob_kills":13,"minecraft:interact_with_crafting_table":15,"minecraft:sleep_in_bed":2,"minecraft:time_since_death":5889,"minecraft:climb_one_cm":22398,"minecraft:time_since_rest":5914,"minecraft:sprint_one_cm":95568,"minecraft:damage_taken":4001,"minecraft:walk_one_cm":155233,"minecraft:damage_blocked_by_shield":1290,"minecraft:drop":19,"minecraft:damage_dealt":4316,"minecraft:swim_one_cm":1182,"minecraft:fly_one_cm":143279,"minecraft:player_kills":1,"minecraft:open_chest":17,"minecraft:crouch_one_cm":2747,"minecraft:play_time":52733,"minecraft:deaths":12,"minecraft:sneak_time":784,"minecraft:walk_under_water_one_cm":64,"minecraft:boat_one_cm":120067,"minecraft:jump":935,"minecraft:walk_on_water_one_cm":1078,"minecraft:total_world_time":52733,"minecraft:fall_one_cm":29580,"minecraft:horse_one_cm":120},"minecraft:killed":{"minecraft:husk":1,"minecraft:spider":1,"minecraft:iron_golem":2,"minecraft:creeper":1,"minecraft:skeleton":1,"minecraft:zombie":5,"iceandfire:deathworm":2,"minecraft:player":1},"minecraft:mined":{"iceandfire:lightning_lily":3,"minecraft:jungle_leaves":33,"minecraft:orange_terracotta":4,"minecraft:crafting_table":6,"minecraft:ladder":1,"minecraft:red_sand":2,"minecraft:grass_block":16,"minecraft:chest":4,"minecraft:jungle_log":33,"minecraft:dead_bush":1,"minecraft:cyan_bed":2,"minecraft:sugar_cane":24,"minecraft:hay_block":110,"minecraft:white_terracotta":2,"minecraft:lime_bed":7,"minecraft:wheat":4,"minecraft:grass":2,"minecraft:bell":1,"minecraft:oak_log":7,"minecraft:vine":14,"minecraft:brown_terracotta":2,"minecraft:bamboo":2,"minecraft:terracotta":15,"minecraft:stone":21,"minecraft:oak_leaves":4,"minecraft:fern":2},"minecraft:crafted":{"minecraft:oak_planks":28,"minecraft:crafting_table":2,"minecraft:wooden_pickaxe":1,"minecraft:stone_axe":1,"minecraft:bread":125,"minecraft:jungle_planks":76,"minecraft:oak_boat":1,"minecraft:shield":1,"minecraft:ladder":45,"minecraft:stick":112,"minecraft:stone_pickaxe":2,"minecraft:stone_sword":2,"minecraft:chest":3,"minecraft:stone_hoe":1,"minecraft:wheat":369}},"DataVersion":3465}