{"stats":{"minecraft:broken":{"minecraft:stone_sword":1,"minecraft:stone_hoe":1,"minecraft:shield":1},"minecraft:killed_by":{"iceandfire:deathworm":1,"iceandfire:myrmex_worker":1,"minecraft:creeper":1,"minecraft:skeleton":4,"iceandfire:myrmex_soldier":9,"iceandfire:myrmex_sentinel":3},"minecraft:used":{"minecraft:stone_sword":124,"minecraft:red_sand":7,"minecraft:iron_shovel":34,"minecraft:ladder":46,"minecraft:chest":7,"minecraft:shield":58,"minecraft:white_terracotta":2,"minecraft:iron_sword":33,"minecraft:bell":1,"minecraft:stone_hoe":131,"minecraft:rotten_flesh":5,"minecraft:torch":1,"minecraft:dirt":7,"minecraft:jungle_planks":18,"minecraft:jungle_slab":64,"minecraft:jungle_sapling":3,"minecraft:brown_terracotta":2,"iceandfire:lightning_lily":1,"minecraft:jungle_log":4,"minecraft:hay_block":7,"minecraft:oak_sapling":1,"minecraft:cobbled_deepslate":4,"minecraft:orange_terracotta":8,"minecraft:stone_pickaxe":1,"minecraft:oak_planks":2,"minecraft:wooden_pickaxe":44,"minecraft:terracotta":15,"minecraft:lime_bed":4,"minecraft:crafting_table":7,"minecraft:bread":36,"minecraft:cyan_bed":4,"minecraft:iron_pickaxe":241,"minecraft:stone_axe":95,"minecraft:cobblestone":33,"minecraft:oak_boat":3,"minecraft:bone_meal":3},"minecraft:dropped":{"minecraft:bread":3,"minecraft:wheat_seeds":1,"minecraft:cobblestone":2,"minecraft:jungle_planks":28,"minecraft:stick":4,"minecraft:green_dye":1,"minecraft:dead_bush":1,"minecraft:sugar_cane":1,"minecraft:stone_sword":1,"minecraft:rotten_flesh":14,"minecraft:poppy":1,"minecraft:rabbit_hide":1,"minecraft:red_sand":7,"minecraft:stone_pickaxe":1},"minecraft:picked_up":{"minecraft:cocoa_beans":6,"minecraft:crafting_table":5,"minecraft:wheat":4,"minecraft:ladder":1,"minecraft:string":1,"minecraft:raw_copper":129,"minecraft:red_sand":14,"minecraft:cobbled_deepslate":12,"minecraft:oak_boat":3,"iceandfire:myrmex_desert_resin":1,"minecraft:jungle_sapling":3,"minecraft:poppy":1,"minecraft:sugar_cane":39,"minecraft:chest":4,"minecraft:raw_iron":51,"minecraft:stick":9,"iceandfire:dragonbone":11,"minecraft:brown_terracotta":2,"minecraft:torch":2,"minecraft:pointed_dripstone":2,"minecraft:redstone":79,"iceandfire:lightning_lily":3,"minecraft:arrow":12,"minecraft:cactus":3,"minecraft:rotten_flesh":29,"iceandfire:deathworm_chitin_yellow":6,"minecraft:hay_block":111,"minecraft:white_terracotta":2,"minecraft:bone_block":16,"minecraft:cobblestone":57,"minecraft:lime_bed":8,"minecraft:glow_ink_sac":5,"minecraft:salmon":2,"minecraft:jungle_log":37,"minecraft:tuff":2,"minecraft:oak_log":7,"minecraft:gunpowder":2,"minecraft:lapis_lazuli":60,"minecraft:dirt":16,"minecraft:orange_terracotta":8,"minecraft:bone":7,"minecraft:wheat_seeds":13,"minecraft:raw_gold":5,"minecraft:bell":1,"minecraft:rabbit_hide":1,"minecraft:iron_ingot":8,"minecraft:rabbit":1,"minecraft:bamboo":8,"minecraft:dripstone_block":1,"minecraft:gravel":6,"minecraft:sand":36,"minecraft:jungle_planks":30,"minecraft:dead_bush":1,"minecraft:cyan_bed":5,"minecraft:jungle_slab":4,"iceandfire:myrmex_stinger":1,"minecraft:spider_eye":1,"minecraft:diamond":1,"minecraft:terracotta":15,"minecraft:oak_sapling":1,"minecraft:coal":52,"iceandfire:raw_silver":3},"minecraft:custom":{"minecraft:mob_kills":38,"minecraft:interact_with_crafting_table":23,"minecraft:bell_ring":17,"minecraft:time_since_death":32616,"minecraft:climb_one_cm":22398,"minecraft:sprint_one_cm":197626,"minecraft:walk_one_cm":261861,"minecraft:damage_blocked_by_shield":2460,"minecraft:drop":24,"minecraft:play_time":94733,"minecraft:deaths":19,"minecraft:sneak_time":3058,"minecraft:walk_under_water_one_cm":6756,"minecraft:boat_one_cm":120067,"minecraft:jump":1926,"minecraft:walk_on_water_one_cm":13431,"minecraft:total_world_time":94733,"minecraft:sleep_in_bed":3,"minecraft:time_since_rest":32645,"minecraft:damage_taken":7450,"minecraft:damage_dealt":9186,"minecraft:swim_one_cm":9907,"minecraft:player_kills":1,"minecraft:fly_one_cm":306150,"minecraft:open_chest":27,"minecraft:crouch_one_cm":10734,"minecraft:fall_one_cm":59340,"minecraft:horse_one_cm":120},"minecraft:killed":{"minecraft:spider":2,"minecraft:skeleton":10,"iceandfire:deathworm":3,"iceandfire:myrmex_sentinel":1,"minecraft:husk":5,"minecraft:iron_golem":2,"minecraft:creeper":2,"minecraft:zombie":10,"minecraft:glow_squid":1,"minecraft:player":1},"minecraft:mined":{"iceandfire:lightning_lily":3,"iceandfire:silver_ore":3,"minecraft:deepslate_diamond_ore":1,"minecraft:jungle_slab":4,"minecraft:jungle_leaves":33,"minecraft:ladder":1,"minecraft:red_sand":2,"minecraft:grass_block":16,"minecraft:jungle_planks":22,"minecraft:jungle_log":33,"minecraft:hay_block":110,"minecraft:iron_ore":13,"minecraft:deepslate_lapis_ore":2,"minecraft:bell":1,"minecraft:pointed_dripstone":1,"minecraft:deepslate_iron_ore":38,"minecraft:vine":14,"minecraft:bamboo":2,"minecraft:stone":52,"minecraft:bone_block":16,"minecraft:deepslate_redstone_ore":18,"minecraft:orange_terracotta":4,"minecraft:crafting_table":6,"minecraft:chest":4,"minecraft:dead_bush":1,"minecraft:copper_ore":37,"minecraft:cobblestone":3,"minecraft:deepslate_gold_ore":5,"minecraft:lapis_ore":6,"minecraft:cyan_bed":5,"minecraft:sugar_cane":25,"minecraft:wall_torch":2,"minecraft:white_terracotta":2,"minecraft:lime_bed":8,"minecraft:cactus":1,"minecraft:wheat":4,"minecraft:grass":2,"minecraft:coal_ore":52,"minecraft:oak_log":7,"minecraft:dripstone_block":1,"minecraft:gravel":6,"minecraft:sand":40,"minecraft:brown_terracotta":2,"minecraft:terracotta":15,"minecraft:deepslate":13,"minecraft:oak_leaves":4,"minecraft:fern":2},"minecraft:crafted":{"minecraft:oak_planks":28,"minecraft:bone_meal":3,"minecraft:ladder":45,"minecraft:stone_pickaxe":2,"minecraft:chest":3,"minecraft:stone_hoe":1,"minecraft:wheat":369,"minecraft:crafting_table":2,"minecraft:wooden_pickaxe":1,"minecraft:iron_sword":1,"minecraft:stone_axe":1,"minecraft:jungle_slab":60,"minecraft:bread":125,"minecraft:jungle_planks":132,"minecraft:oak_boat":1,"minecraft:shield":2,"minecraft:stick":120,"minecraft:iron_pickaxe":1,"minecraft:stone_sword":2,"minecraft:iron_shovel":1}},"DataVersion":3465}