{"stats":{"minecraft:broken":{"minecraft:stone_sword":1,"minecraft:stone_hoe":1,"minecraft:shield":1,"minecraft:iron_pickaxe":1},"minecraft:killed_by":{"iceandfire:deathworm":1,"iceandfire:myrmex_worker":1,"minecraft:creeper":1,"minecraft:skeleton":4,"iceandfire:myrmex_soldier":9,"iceandfire:myrmex_sentinel":3},"minecraft:used":{"minecraft:stone_sword":124,"minecraft:red_sand":7,"minecraft:iron_shovel":45,"minecraft:ladder":46,"minecraft:chest":7,"minecraft:shield":62,"minecraft:white_terracotta":2,"minecraft:iron_sword":61,"minecraft:bell":1,"minecraft:stone_hoe":131,"minecraft:rotten_flesh":5,"minecraft:iron_chestplate":1,"minecraft:torch":1,"minecraft:dirt":10,"minecraft:jungle_planks":21,"minecraft:jungle_slab":64,"minecraft:tuff":2,"minecraft:jungle_sapling":12,"minecraft:brown_terracotta":2,"iceandfire:lightning_lily":1,"minecraft:iron_axe":58,"minecraft:jungle_log":12,"minecraft:hay_block":7,"minecraft:furnace":2,"minecraft:oak_sapling":1,"immersive_aircraft:biplane":1,"minecraft:cobbled_deepslate":12,"minecraft:orange_terracotta":8,"minecraft:diorite":1,"minecraft:stone_pickaxe":1,"minecraft:oak_planks":2,"minecraft:wooden_pickaxe":44,"minecraft:sandstone":2,"minecraft:terracotta":15,"minecraft:lime_bed":5,"minecraft:crafting_table":7,"minecraft:blast_furnace":1,"minecraft:dripstone_block":1,"minecraft:bread":47,"minecraft:cyan_bed":4,"minecraft:iron_pickaxe":252,"minecraft:stone_axe":108,"minecraft:cobblestone":38,"minecraft:oak_boat":3,"minecraft:bone_meal":11},"minecraft:dropped":{"minecraft:bread":3,"minecraft:wheat_seeds":1,"minecraft:oak_log":5,"minecraft:cobblestone":2,"minecraft:jungle_planks":28,"minecraft:stick":34,"minecraft:diorite":1,"minecraft:green_dye":1,"minecraft:dead_bush":1,"minecraft:iron_axe":2,"iceandfire:dragonbone":2,"minecraft:furnace":2,"minecraft:sugar_cane":1,"minecraft:stone_sword":1,"minecraft:rotten_flesh":14,"minecraft:poppy":1,"minecraft:rabbit_hide":1,"minecraft:lime_bed":1,"minecraft:gunpowder":2,"minecraft:iron_chestplate":1,"minecraft:bow":1,"minecraft:red_sand":7,"minecraft:stone_pickaxe":1},"minecraft:picked_up":{"minecraft:cocoa_beans":6,"minecraft:crafting_table":5,"minecraft:wheat":4,"minecraft:ladder":1,"minecraft:string":1,"minecraft:iron_axe":1,"minecraft:raw_copper":153,"minecraft:red_sand":14,"minecraft:cobbled_deepslate":12,"minecraft:oak_boat":3,"iceandfire:myrmex_desert_resin":2,"minecraft:jungle_sapling":17,"minecraft:poppy":1,"minecraft:sugar_cane":42,"minecraft:chest":4,"minecraft:furnace":3,"minecraft:sandstone":2,"minecraft:raw_iron":57,"minecraft:stick":38,"iceandfire:dragonbone":28,"minecraft:brown_terracotta":2,"minecraft:torch":2,"minecraft:pointed_dripstone":2,"minecraft:diorite":2,"minecraft:redstone":79,"iceandfire:lightning_lily":3,"minecraft:arrow":16,"minecraft:cactus":3,"minecraft:rotten_flesh":41,"iceandfire:deathworm_chitin_yellow":6,"minecraft:hay_block":112,"minecraft:white_terracotta":2,"minecraft:bone_block":16,"minecraft:cobblestone":124,"minecraft:lime_bed":13,"minecraft:glow_ink_sac":9,"minecraft:salmon":2,"minecraft:jungle_log":181,"minecraft:tuff":2,"minecraft:oak_log":12,"minecraft:gunpowder":4,"minecraft:lapis_lazuli":60,"minecraft:dirt":19,"minecraft:orange_terracotta":8,"minecraft:bone":12,"minecraft:bow":1,"minecraft:wheat_seeds":13,"minecraft:raw_gold":5,"minecraft:bell":1,"minecraft:rabbit_hide":1,"minecraft:iron_ingot":8,"minecraft:rabbit":1,"minecraft:bamboo":8,"iceandfire:dragon_skull_fire":1,"minecraft:dripstone_block":1,"minecraft:gravel":6,"minecraft:sand":47,"minecraft:jungle_planks":106,"minecraft:blast_furnace":1,"minecraft:dead_bush":1,"minecraft:cyan_bed":5,"minecraft:jungle_slab":4,"iceandfire:myrmex_stinger":1,"minecraft:spider_eye":1,"minecraft:diamond":1,"minecraft:bread":1,"minecraft:terracotta":15,"minecraft:oak_sapling":4,"minecraft:coal":89,"iceandfire:raw_silver":3},"minecraft:custom":{"minecraft:mob_kills":49,"minecraft:interact_with_crafting_table":38,"minecraft:bell_ring":17,"minecraft:time_since_death":68616,"minecraft:climb_one_cm":22398,"minecraft:sprint_one_cm":254255,"minecraft:walk_one_cm":314940,"minecraft:damage_blocked_by_shield":2730,"minecraft:drop":37,"minecraft:talked_to_villager":3,"minecraft:play_time":130733,"minecraft:deaths":19,"minecraft:sneak_time":3762,"minecraft:walk_under_water_one_cm":7538,"minecraft:boat_one_cm":120067,"minecraft:jump":2368,"minecraft:interact_with_blast_furnace":12,"minecraft:walk_on_water_one_cm":14314,"minecraft:total_world_time":130733,"minecraft:interact_with_furnace":41,"minecraft:sleep_in_bed":4,"minecraft:time_since_rest":32206,"minecraft:damage_taken":7955,"minecraft:damage_dealt":10883,"minecraft:swim_one_cm":11102,"minecraft:player_kills":1,"minecraft:fly_one_cm":384752,"minecraft:open_chest":53,"minecraft:crouch_one_cm":12175,"minecraft:fall_one_cm":69772,"minecraft:horse_one_cm":120},"minecraft:killed":{"minecraft:spider":2,"minecraft:skeleton":13,"iceandfire:deathworm":3,"iceandfire:myrmex_sentinel":1,"iceandfire:myrmex_worker":1,"minecraft:husk":7,"minecraft:zombie_villager":2,"minecraft:iron_golem":2,"minecraft:creeper":2,"minecraft:zombie":11,"minecraft:glow_squid":1,"minecraft:player":1},"minecraft:mined":{"iceandfire:lightning_lily":3,"iceandfire:silver_ore":3,"minecraft:deepslate_diamond_ore":1,"minecraft:jungle_slab":4,"minecraft:jungle_leaves":40,"minecraft:ladder":1,"minecraft:red_sand":2,"minecraft:grass_block":16,"minecraft:jungle_planks":22,"minecraft:jungle_log":91,"minecraft:sandstone":3,"minecraft:hay_block":111,"minecraft:furnace":3,"minecraft:jungle_sapling":2,"minecraft:iron_ore":13,"minecraft:deepslate_lapis_ore":2,"minecraft:bell":1,"minecraft:pointed_dripstone":1,"minecraft:deepslate_iron_ore":38,"minecraft:vine":14,"minecraft:bamboo":2,"minecraft:stone":52,"minecraft:bone_block":16,"minecraft:deepslate_redstone_ore":18,"minecraft:orange_terracotta":4,"minecraft:crafting_table":6,"minecraft:blast_furnace":1,"minecraft:chest":4,"minecraft:dead_bush":1,"minecraft:copper_ore":37,"minecraft:cobblestone":6,"minecraft:deepslate_gold_ore":5,"minecraft:lapis_ore":6,"minecraft:cyan_bed":5,"minecraft:sugar_cane":25,"minecraft:diorite":1,"minecraft:wall_torch":2,"minecraft:white_terracotta":2,"minecraft:lime_bed":11,"minecraft:cactus":1,"minecraft:wheat":4,"minecraft:grass":2,"minecraft:coal_ore":52,"minecraft:oak_log":12,"minecraft:dripstone_block":1,"minecraft:gravel":6,"minecraft:sand":51,"minecraft:dirt":3,"minecraft:brown_terracotta":2,"minecraft:terracotta":15,"minecraft:deepslate":13,"minecraft:oak_leaves":5,"minecraft:fern":2},"minecraft:crafted":{"immersive_aircraft:engine":1,"minecraft:smooth_stone":6,"minecraft:oak_planks":28,"immersive_aircraft:sturdy_pipes":1,"minecraft:furnace":5,"minecraft:blast_furnace":2,"immersive_aircraft:biplane":1,"minecraft:piston":2,"minecraft:stone":6,"minecraft:bone_meal":21,"minecraft:iron_axe":1,"minecraft:ladder":45,"immersive_aircraft:hull":3,"minecraft:stone_pickaxe":2,"immersive_aircraft:steel_boiler":1,"minecraft:chest":3,"minecraft:stone_hoe":1,"minecraft:wheat":369,"iceandfire:silver_ingot":3,"immersive_aircraft:boiler":2,"minecraft:crafting_table":2,"minecraft:wooden_pickaxe":1,"minecraft:iron_sword":1,"minecraft:copper_ingot":24,"minecraft:stone_axe":1,"immersive_aircraft:propeller":1,"minecraft:jungle_slab":60,"minecraft:bread":188,"minecraft:air":0,"minecraft:jungle_planks":132,"minecraft:oak_boat":1,"minecraft:iron_chestplate":2,"minecraft:shield":2,"minecraft:stick":124,"minecraft:iron_ingot":57,"minecraft:iron_pickaxe":2,"minecraft:stone_sword":2,"minecraft:iron_shovel":1}},"DataVersion":3465}