{"stats":{"minecraft:used":{"minecraft:cooked_mutton":1,"minecraft:iron_shovel":2,"iceandfire:silver_sword":79,"minecraft:stone_pickaxe":70,"minecraft:birch_boat":2,"minecraft:decorated_pot":1,"minecraft:chest":4,"minecraft:shield":43,"minecraft:wooden_pickaxe":4,"minecraft:cooked_salmon":2,"minecraft:torch":32,"minecraft:dirt":102,"minecraft:sand":6,"minecraft:crafting_table":7,"minecraft:white_bed":2,"minecraft:oak_log":2,"iceandfire:silver_pickaxe":56,"minecraft:grass_block":1,"minecraft:iron_helmet":1,"minecraft:iron_boots":1,"minecraft:stone_axe":49,"minecraft:cobblestone":15,"minecraft:cooked_porkchop":1,"minecraft:furnace":6,"minecraft:andesite":3,"minecraft:oak_boat":2,"iceandfire:silver_shovel":175,"minecraft:cooked_beef":11},"minecraft:picked_up":{"minecraft:birch_log":4,"iceandfire:dragon_skull_lightning":3,"minecraft:crafting_table":5,"minecraft:feather":3,"minecraft:chicken":3,"minecraft:andesite":4,"minecraft:leather":8,"minecraft:birch_planks":13,"minecraft:wither_rose":2,"minecraft:oak_log":16,"minecraft:shield":1,"minecraft:lapis_lazuli":9,"minecraft:dirt":106,"minecraft:iron_shovel":1,"minecraft:bone":5,"minecraft:acacia_planks":12,"minecraft:wheat_seeds":18,"minecraft:beef":11,"minecraft:oak_boat":2,"minecraft:sugar_cane":15,"minecraft:chest":1,"minecraft:oak_planks":4,"minecraft:furnace":5,"minecraft:raw_iron":14,"iceandfire:dragonbone":57,"minecraft:birch_boat":1,"minecraft:cooked_porkchop":1,"minecraft:torch":2,"minecraft:acacia_log":4,"iceandfire:dragon_skull_fire":1,"minecraft:sand":96,"minecraft:grass_block":1,"minecraft:white_bed":1,"minecraft:arrow":2,"minecraft:rotten_flesh":6,"minecraft:decorated_pot":2,"minecraft:ender_pearl":1,"minecraft:black_wool":1,"minecraft:mutton":11,"minecraft:coal":118,"iceandfire:raw_silver":17,"minecraft:white_wool":12,"minecraft:cobblestone":29},"minecraft:broken":{"minecraft:shield":1},"minecraft:mined":{"minecraft:white_bed":1,"iceandfire:graveyard_soil":10,"iceandfire:silver_ore":13,"minecraft:mossy_cobblestone":3,"minecraft:cobblestone_stairs":1,"minecraft:crafting_table":5,"minecraft:torch":2,"minecraft:acacia_log":5,"minecraft:grass_block":63,"minecraft:decorated_pot":2,"minecraft:chest":1,"minecraft:tall_grass":35,"minecraft:cobblestone":1,"minecraft:lapis_ore":1,"minecraft:sugar_cane":9,"minecraft:furnace":5,"minecraft:birch_log":4,"minecraft:iron_ore":14,"minecraft:fire":8,"minecraft:andesite":6,"minecraft:stone_brick_stairs":1,"minecraft:wither_rose":2,"minecraft:grass":82,"minecraft:coal_ore":52,"minecraft:oak_log":14,"minecraft:vine":2,"minecraft:sand":97,"minecraft:dirt":11,"minecraft:stone":30,"minecraft:oak_leaves":6,"minecraft:suspicious_gravel":1},"minecraft:killed":{"minecraft:zombie_villager":1,"minecraft:spider":1,"minecraft:sheep":9,"minecraft:skeleton":4,"minecraft:zombie":6,"iceandfire:ghost":2,"minecraft:chicken":3,"minecraft:enderman":2,"minecraft:cow":6},"minecraft:dropped":{"minecraft:wheat_seeds":1,"minecraft:birch_planks":2,"minecraft:oak_log":2,"minecraft:crafting_table":1,"minecraft:decorated_pot":1,"minecraft:oak_planks":4,"minecraft:stick":3,"minecraft:dirt":4,"minecraft:andesite":1,"minecraft:sand":31,"minecraft:stone_pickaxe":1,"minecraft:wooden_pickaxe":1,"minecraft:white_wool":4,"iceandfire:dragon_skull_lightning":1,"minecraft:acacia_planks":8,"minecraft:black_wool":1},"minecraft:custom":{"minecraft:interact_with_furnace":36,"minecraft:mob_kills":36,"minecraft:interact_with_crafting_table":24,"minecraft:leave_game":2,"minecraft:time_since_death":30690,"minecraft:sleep_in_bed":2,"minecraft:climb_one_cm":277,"minecraft:time_since_rest":26658,"minecraft:sprint_one_cm":190785,"minecraft:damage_taken":3922,"minecraft:walk_one_cm":122895,"minecraft:damage_blocked_by_shield":1320,"minecraft:trigger_trapped_chest":2,"minecraft:drop":19,"minecraft:damage_dealt":5818,"minecraft:swim_one_cm":111334,"minecraft:fly_one_cm":433847,"minecraft:open_chest":28,"minecraft:crouch_one_cm":2245,"minecraft:play_time":76064,"minecraft:deaths":11,"minecraft:sneak_time":904,"minecraft:walk_under_water_one_cm":14213,"minecraft:boat_one_cm":46632,"minecraft:jump":1949,"minecraft:walk_on_water_one_cm":22310,"minecraft:total_world_time":76064,"minecraft:fall_one_cm":54963},"minecraft:crafted":{"minecraft:cooked_beef":11,"minecraft:oak_planks":8,"iceandfire:silver_ingot":13,"minecraft:birch_boat":1,"minecraft:wooden_pickaxe":1,"minecraft:iron_helmet":1,"iceandfire:silver_shovel":1,"minecraft:furnace":1,"minecraft:stone_axe":1,"minecraft:cooked_mutton":11,"minecraft:air":0,"minecraft:oak_boat":1,"minecraft:iron_boots":1,"minecraft:iron_chestplate":1,"minecraft:shield":2,"minecraft:stick":16,"minecraft:iron_ingot":10,"minecraft:stone_pickaxe":1,"minecraft:chest":3,"minecraft:iron_leggings":1,"minecraft:white_bed":1,"minecraft:acacia_planks":16,"minecraft:torch":40,"iceandfire:silver_pickaxe":1,"iceandfire:silver_sword":1},"minecraft:killed_by":{"minecraft:spider":1,"iceandfire:fire_dragon":10}},"DataVersion":3465}