{"stats":{"minecraft:used":{"minecraft:red_sand":2,"minecraft:stone_sword":61,"minecraft:wooden_pickaxe":44,"minecraft:white_terracotta":2,"minecraft:stone_hoe":112,"minecraft:rotten_flesh":4,"minecraft:terracotta":15,"minecraft:crafting_table":5,"minecraft:lime_bed":2,"minecraft:brown_terracotta":2,"iceandfire:lightning_lily":1,"minecraft:bread":5,"minecraft:stone_axe":5,"minecraft:hay_block":6,"minecraft:oak_boat":2,"minecraft:orange_terracotta":4},"minecraft:picked_up":{"minecraft:lime_bed":6,"minecraft:crafting_table":4,"minecraft:wheat":4,"minecraft:salmon":2,"minecraft:oak_log":7,"minecraft:gunpowder":1,"minecraft:orange_terracotta":8,"minecraft:wheat_seeds":8,"minecraft:red_sand":14,"minecraft:rabbit_hide":1,"minecraft:iron_ingot":8,"minecraft:oak_boat":2,"minecraft:poppy":1,"minecraft:rabbit":1,"minecraft:sugar_cane":38,"minecraft:stick":5,"minecraft:brown_terracotta":2,"minecraft:cyan_bed":1,"iceandfire:lightning_lily":3,"minecraft:rotten_flesh":8,"iceandfire:deathworm_chitin_yellow":5,"minecraft:hay_block":111,"minecraft:white_terracotta":2,"minecraft:terracotta":15,"minecraft:oak_sapling":1,"minecraft:cobblestone":21},"minecraft:dropped":{"minecraft:bread":3,"minecraft:stone_sword":1,"minecraft:cobblestone":2,"minecraft:stick":2,"minecraft:stone_pickaxe":1},"minecraft:custom":{"minecraft:mob_kills":9,"minecraft:interact_with_crafting_table":10,"minecraft:time_since_death":28733,"minecraft:climb_one_cm":294,"minecraft:time_since_rest":28733,"minecraft:sprint_one_cm":64950,"minecraft:damage_taken":235,"minecraft:walk_one_cm":86542,"minecraft:drop":9,"minecraft:damage_dealt":3147,"minecraft:swim_one_cm":1182,"minecraft:fly_one_cm":109537,"minecraft:open_chest":2,"minecraft:crouch_one_cm":824,"minecraft:play_time":28733,"minecraft:sneak_time":223,"minecraft:walk_under_water_one_cm":64,"minecraft:boat_one_cm":120058,"minecraft:jump":531,"minecraft:walk_on_water_one_cm":1078,"minecraft:total_world_time":28733,"minecraft:fall_one_cm":12193,"minecraft:horse_one_cm":120},"minecraft:killed":{"minecraft:iron_golem":2,"minecraft:creeper":1,"minecraft:zombie":4,"iceandfire:deathworm":2},"minecraft:mined":{"iceandfire:lightning_lily":3,"minecraft:orange_terracotta":4,"minecraft:crafting_table":5,"minecraft:red_sand":2,"minecraft:dead_bush":1,"minecraft:cyan_bed":1,"minecraft:sugar_cane":24,"minecraft:hay_block":110,"minecraft:white_terracotta":2,"minecraft:lime_bed":6,"minecraft:wheat":4,"minecraft:oak_log":7,"minecraft:brown_terracotta":2,"minecraft:terracotta":15,"minecraft:stone":21,"minecraft:oak_leaves":1},"minecraft:crafted":{"minecraft:oak_planks":28,"minecraft:crafting_table":1,"minecraft:wooden_pickaxe":1,"minecraft:stone_axe":1,"minecraft:bread":125,"minecraft:oak_boat":1,"minecraft:shield":1,"minecraft:stick":12,"minecraft:stone_pickaxe":2,"minecraft:stone_sword":2,"minecraft:stone_hoe":1,"minecraft:wheat":369}},"DataVersion":3465}