{"stats":{"minecraft:mined":{"iceandfire:lightning_lily":3,"minecraft:spruce_planks":36,"iceandfire:silver_ore":15,"minecraft:mossy_cobblestone":8,"minecraft:deepslate_diamond_ore":1,"minecraft:jungle_slab":4,"minecraft:cobblestone_stairs":3,"minecraft:jungle_leaves":40,"minecraft:spruce_trapdoor":47,"minecraft:cave_vines_plant":1,"minecraft:ladder":1,"minecraft:granite":1,"minecraft:red_sand":2,"minecraft:spruce_fence":2,"minecraft:grass_block":87,"minecraft:jungle_planks":26,"minecraft:jungle_log":109,"minecraft:spruce_leaves":8,"minecraft:sandstone":3,"minecraft:large_fern":1,"minecraft:hay_block":112,"minecraft:furnace":5,"minecraft:jungle_sapling":2,"minecraft:iron_ore":46,"minecraft:barrel":1,"minecraft:pumpkin":8,"minecraft:deepslate_lapis_ore":6,"minecraft:bell":1,"minecraft:dirt_path":5,"minecraft:pointed_dripstone":1,"minecraft:deepslate_iron_ore":41,"minecraft:vine":14,"minecraft:bamboo":24,"minecraft:stone":67,"minecraft:bone_block":16,"minecraft:spruce_slab":15,"minecraft:deepslate_redstone_ore":18,"minecraft:scaffolding":14,"minecraft:glass_pane":4,"minecraft:orange_terracotta":4,"minecraft:spruce_door":6,"minecraft:crafting_table":11,"minecraft:torch":3,"minecraft:blast_furnace":1,"another_furniture:spruce_chair":2,"minecraft:chest":5,"minecraft:dead_bush":1,"minecraft:copper_ore":37,"minecraft:cobblestone":86,"minecraft:deepslate_gold_ore":5,"minecraft:lapis_ore":6,"minecraft:cyan_bed":5,"minecraft:sugar_cane":37,"minecraft:diorite":1,"minecraft:wall_torch":7,"minecraft:blue_bed":4,"minecraft:spruce_stairs":15,"minecraft:white_terracotta":2,"minecraft:lime_bed":11,"minecraft:purple_bed":4,"minecraft:cactus":1,"minecraft:cobblestone_wall":7,"minecraft:wheat":4,"minecraft:spruce_log":151,"minecraft:grass":9,"minecraft:coal_ore":71,"minecraft:oak_log":12,"minecraft:dripstone_block":1,"minecraft:gravel":6,"minecraft:sand":70,"minecraft:dirt":14,"minecraft:brown_terracotta":2,"minecraft:terracotta":15,"minecraft:gold_ore":1,"another_furniture:spruce_shelf":5,"minecraft:oak_leaves":5,"minecraft:deepslate":13,"minecraft:fern":5},"minecraft:killed":{"minecraft:spider":2,"minecraft:skeleton":15,"minecraft:drowned":4,"iceandfire:deathworm":3,"iceandfire:myrmex_sentinel":1,"iceandfire:myrmex_worker":1,"minecraft:husk":7,"minecraft:zombie_villager":3,"minecraft:iron_golem":2,"minecraft:creeper":2,"minecraft:zombie":14,"minecraft:glow_squid":1,"minecraft:player":1,"iceandfire:sea_serpent":1},"minecraft:dropped":{"minecraft:bread":3,"minecraft:wheat_seeds":1,"minecraft:oak_log":5,"minecraft:cobblestone":35,"minecraft:jungle_planks":28,"minecraft:stick":35,"minecraft:diorite":1,"minecraft:green_dye":1,"minecraft:dead_bush":1,"minecraft:iron_leggings":1,"minecraft:iron_axe":3,"minecraft:iron_pickaxe":1,"iceandfire:dragonbone":2,"minecraft:stone_axe":1,"minecraft:furnace":2,"minecraft:sugar_cane":1,"minecraft:stone_sword":1,"minecraft:cobbled_deepslate":1,"minecraft:rotten_flesh":14,"minecraft:poppy":1,"minecraft:rabbit_hide":1,"minecraft:lime_bed":1,"minecraft:gunpowder":2,"minecraft:iron_chestplate":1,"minecraft:bow":1,"minecraft:spruce_log":220,"minecraft:stone_pickaxe":1,"minecraft:red_sand":7},"minecraft:killed_by":{"iceandfire:myrmex_worker":1,"iceandfire:deathworm":1,"minecraft:creeper":1,"minecraft:skeleton":4,"iceandfire:myrmex_soldier":9,"iceandfire:myrmex_sentinel":3},"minecraft:used":{"minecraft:stone_sword":124,"minecraft:red_sand":7,"minecraft:iron_shovel":207,"minecraft:spruce_slab":95,"minecraft:ladder":50,"minecraft:chest":14,"minecraft:spruce_planks":24,"minecraft:shield":72,"minecraft:white_terracotta":2,"minecraft:iron_sword":127,"minecraft:bell":1,"minecraft:rotten_flesh":5,"minecraft:stone_hoe":131,"minecraft:iron_chestplate":1,"minecraft:torch":23,"minecraft:dirt":61,"minecraft:spruce_stairs":15,"minecraft:jungle_planks":31,"minecraft:jungle_slab":64,"minecraft:cobblestone_wall":5,"minecraft:tuff":2,"minecraft:spruce_fence":8,"minecraft:granite":6,"minecraft:brown_terracotta":2,"minecraft:jungle_sapling":15,"iceandfire:lightning_lily":1,"another_furniture:spruce_shelf":7,"minecraft:iron_axe":198,"minecraft:jungle_log":14,"minecraft:barrel":3,"minecraft:bamboo":64,"minecraft:hay_block":8,"minecraft:scaffolding":20,"minecraft:white_stained_glass_pane":15,"minecraft:furnace":8,"minecraft:oak_sapling":1,"immersive_aircraft:biplane":13,"minecraft:orange_terracotta":8,"another_furniture:spruce_chair":5,"minecraft:cobbled_deepslate":13,"minecraft:diorite":1,"minecraft:cobblestone_stairs":3,"minecraft:spruce_door":4,"minecraft:stone_pickaxe":104,"minecraft:oak_planks":2,"minecraft:sandstone":2,"minecraft:wooden_pickaxe":44,"minecraft:sugar_cane":25,"minecraft:blue_bed":4,"minecraft:mossy_cobblestone":2,"minecraft:terracotta":15,"minecraft:sand":3,"minecraft:lime_bed":5,"minecraft:crafting_table":12,"minecraft:blast_furnace":1,"minecraft:dripstone_block":1,"minecraft:spruce_log":26,"minecraft:bread":78,"minecraft:cyan_bed":4,"minecraft:iron_pickaxe":339,"minecraft:spruce_sapling":1,"minecraft:spruce_trapdoor":50,"minecraft:stone_axe":301,"minecraft:cobblestone":89,"minecraft:purple_bed":3,"minecraft:oak_boat":3,"minecraft:bone_meal":21},"minecraft:custom":{"minecraft:mob_kills":60,"minecraft:interact_with_crafting_table":84,"minecraft:open_barrel":1,"minecraft:bell_ring":17,"minecraft:leave_game":1,"minecraft:time_since_death":60953,"minecraft:climb_one_cm":34036,"minecraft:sprint_one_cm":464267,"minecraft:walk_one_cm":652760,"minecraft:damage_blocked_by_shield":4065,"minecraft:drop":50,"minecraft:talked_to_villager":6,"minecraft:play_time":235746,"minecraft:sneak_time":8385,"minecraft:deaths":20,"minecraft:walk_under_water_one_cm":22341,"minecraft:boat_one_cm":120067,"minecraft:jump":3915,"minecraft:interact_with_blast_furnace":12,"minecraft:walk_on_water_one_cm":33944,"minecraft:total_world_time":235746,"minecraft:interact_with_furnace":73,"minecraft:sleep_in_bed":6,"minecraft:time_since_rest":60983,"minecraft:waystone_activated":1,"minecraft:damage_taken":9492,"minecraft:damage_dealt":13512,"minecraft:player_kills":2,"minecraft:swim_one_cm":25792,"minecraft:fly_one_cm":621753,"minecraft:open_chest":102,"minecraft:crouch_one_cm":25628,"minecraft:fall_one_cm":104734,"minecraft:horse_one_cm":120},"minecraft:picked_up":{"minecraft:cocoa_beans":6,"minecraft:crafting_table":10,"minecraft:wheat":4,"minecraft:ladder":1,"iceandfire:sea_serpent_scales_teal":7,"minecraft:raw_copper":153,"minecraft:string":1,"minecraft:iron_axe":1,"immersive_aircraft:biplane":12,"minecraft:red_sand":14,"minecraft:cobbled_deepslate":14,"minecraft:spruce_planks":36,"another_furniture:spruce_shelf":5,"iceandfire:myrmex_desert_resin":2,"minecraft:oak_boat":3,"minecraft:jungle_sapling":17,"minecraft:poppy":1,"minecraft:spruce_slab":19,"minecraft:chest":5,"minecraft:sugar_cane":67,"minecraft:spruce_trapdoor":45,"minecraft:furnace":5,"minecraft:sandstone":2,"iceandfire:dragonbone":28,"minecraft:raw_iron":93,"minecraft:stick":54,"minecraft:copper_ingot":1,"minecraft:brown_terracotta":2,"minecraft:torch":21,"minecraft:spruce_stairs":15,"minecraft:spruce_fence":2,"minecraft:pointed_dripstone":2,"minecraft:diorite":2,"minecraft:trident":1,"minecraft:redstone":79,"another_furniture:spruce_chair":2,"iceandfire:lightning_lily":3,"minecraft:arrow":18,"minecraft:rotten_flesh":51,"minecraft:cactus":3,"iceandfire:deathworm_chitin_yellow":6,"minecraft:hay_block":113,"minecraft:white_terracotta":2,"minecraft:glow_berries":4,"minecraft:bone_block":16,"minecraft:cobblestone":254,"minecraft:lime_bed":13,"iceandfire:sea_serpent_fang":1,"minecraft:glow_ink_sac":9,"minecraft:salmon":2,"minecraft:andesite":3,"minecraft:jungle_log":198,"minecraft:tuff":2,"minecraft:oak_log":12,"minecraft:gunpowder":4,"minecraft:cobblestone_wall":7,"minecraft:cobblestone_stairs":3,"minecraft:lapis_lazuli":85,"minecraft:blue_bed":4,"minecraft:dirt":112,"minecraft:orange_terracotta":8,"minecraft:bone":13,"minecraft:bow":1,"minecraft:wheat_seeds":15,"minecraft:raw_gold":6,"minecraft:bell":1,"minecraft:rabbit_hide":1,"minecraft:iron_ingot":8,"minecraft:rabbit":1,"minecraft:bamboo":113,"minecraft:scaffolding":16,"minecraft:pumpkin":7,"minecraft:dripstone_block":1,"minecraft:gravel":6,"iceandfire:dragon_skull_fire":1,"minecraft:jungle_planks":110,"minecraft:sand":68,"minecraft:spruce_sapling":18,"minecraft:blast_furnace":1,"minecraft:dead_bush":1,"iceandfire:myrmex_stinger":1,"minecraft:spruce_log":330,"minecraft:cyan_bed":5,"minecraft:barrel":1,"minecraft:jungle_slab":4,"minecraft:spider_eye":1,"minecraft:spruce_door":6,"minecraft:mossy_cobblestone":11,"minecraft:purple_bed":4,"minecraft:diamond":1,"minecraft:stone_axe":1,"minecraft:granite":6,"minecraft:bread":2,"minecraft:terracotta":15,"minecraft:oak_sapling":4,"minecraft:coal":108,"iceandfire:raw_silver":15},"minecraft:crafted":{"immersive_aircraft:engine":1,"minecraft:smooth_stone":6,"minecraft:oak_planks":28,"minecraft:barrel":2,"immersive_aircraft:sturdy_pipes":1,"minecraft:furnace":9,"minecraft:blast_furnace":2,"immersive_aircraft:biplane":1,"minecraft:piston":2,"minecraft:stone":6,"minecraft:bone_meal":30,"minecraft:spruce_fence":6,"another_furniture:spruce_shelf":3,"another_furniture:spruce_chair":3,"minecraft:scaffolding":12,"minecraft:glass":8,"minecraft:spruce_stairs":4,"minecraft:iron_axe":3,"minecraft:ladder":51,"minecraft:spruce_slab":102,"immersive_aircraft:hull":3,"minecraft:stone_pickaxe":2,"immersive_aircraft:steel_boiler":1,"minecraft:chest":9,"minecraft:stone_hoe":1,"minecraft:wheat":369,"iceandfire:silver_ingot":15,"immersive_aircraft:boiler":2,"minecraft:crafting_table":3,"minecraft:spruce_planks":176,"minecraft:wooden_pickaxe":1,"minecraft:iron_sword":1,"minecraft:copper_ingot":24,"minecraft:stone_axe":3,"minecraft:white_stained_glass":8,"minecraft:white_stained_glass_pane":16,"immersive_aircraft:propeller":1,"minecraft:jungle_slab":60,"minecraft:bread":188,"minecraft:air":0,"minecraft:jungle_planks":144,"minecraft:oak_boat":1,"minecraft:spruce_trapdoor":6,"minecraft:iron_chestplate":2,"minecraft:shield":2,"minecraft:white_dye":1,"minecraft:stick":156,"minecraft:iron_ingot":93,"minecraft:iron_pickaxe":3,"minecraft:stone_sword":2,"minecraft:iron_shovel":1,"minecraft:iron_leggings":2,"minecraft:torch":4},"minecraft:broken":{"minecraft:stone_sword":1,"minecraft:stone_hoe":1,"minecraft:shield":1,"minecraft:stone_axe":1,"minecraft:iron_pickaxe":1}},"DataVersion":3465}