{"stats":{"minecraft:broken":{"minecraft:shield":1,"minecraft:stone_sword":1,"minecraft:stone_hoe":1},"minecraft:killed_by":{"iceandfire:deathworm":1,"iceandfire:myrmex_worker":1,"minecraft:skeleton":4,"minecraft:creeper":1,"iceandfire:myrmex_soldier":9,"iceandfire:myrmex_sentinel":3},"minecraft:used":{"minecraft:red_sand":7,"minecraft:stone_sword":124,"minecraft:stone_pickaxe":1,"minecraft:ladder":46,"minecraft:oak_planks":2,"minecraft:shield":42,"minecraft:chest":7,"minecraft:wooden_pickaxe":44,"minecraft:white_terracotta":2,"minecraft:bell":1,"minecraft:stone_hoe":131,"minecraft:rotten_flesh":5,"minecraft:dirt":7,"minecraft:terracotta":15,"minecraft:crafting_table":6,"minecraft:lime_bed":4,"minecraft:jungle_planks":6,"minecraft:jungle_sapling":3,"minecraft:brown_terracotta":2,"iceandfire:lightning_lily":1,"minecraft:cyan_bed":4,"minecraft:bread":24,"minecraft:jungle_log":4,"minecraft:stone_axe":70,"minecraft:cobblestone":4,"minecraft:hay_block":7,"minecraft:oak_sapling":1,"minecraft:oak_boat":3,"minecraft:orange_terracotta":8,"minecraft:bone_meal":3},"minecraft:dropped":{"minecraft:bread":3,"minecraft:sugar_cane":1,"minecraft:wheat_seeds":1,"minecraft:stone_sword":1,"minecraft:cobblestone":2,"minecraft:rotten_flesh":14,"minecraft:jungle_planks":28,"minecraft:stick":4,"minecraft:rabbit_hide":1,"minecraft:poppy":1,"minecraft:green_dye":1,"minecraft:dead_bush":1,"minecraft:red_sand":7,"minecraft:stone_pickaxe":1},"minecraft:picked_up":{"minecraft:cocoa_beans":6,"minecraft:lime_bed":8,"minecraft:crafting_table":5,"minecraft:wheat":4,"minecraft:ladder":1,"minecraft:jungle_log":37,"minecraft:salmon":2,"minecraft:oak_log":7,"minecraft:gunpowder":1,"minecraft:string":1,"minecraft:dirt":16,"minecraft:orange_terracotta":8,"minecraft:bone":1,"minecraft:wheat_seeds":13,"minecraft:red_sand":14,"minecraft:bell":1,"minecraft:rabbit_hide":1,"minecraft:iron_ingot":8,"iceandfire:myrmex_desert_resin":1,"minecraft:oak_boat":3,"minecraft:jungle_sapling":3,"minecraft:bamboo":8,"minecraft:poppy":1,"minecraft:rabbit":1,"minecraft:sugar_cane":39,"minecraft:chest":4,"minecraft:stick":9,"iceandfire:dragonbone":11,"minecraft:brown_terracotta":2,"minecraft:jungle_planks":5,"minecraft:sand":7,"minecraft:dead_bush":1,"minecraft:cyan_bed":5,"iceandfire:myrmex_stinger":1,"minecraft:spider_eye":1,"iceandfire:lightning_lily":3,"minecraft:arrow":7,"minecraft:rotten_flesh":28,"iceandfire:deathworm_chitin_yellow":5,"minecraft:hay_block":111,"minecraft:white_terracotta":2,"minecraft:terracotta":15,"minecraft:oak_sapling":1,"minecraft:cobblestone":21},"minecraft:custom":{"minecraft:mob_kills":26,"minecraft:interact_with_crafting_table":15,"minecraft:bell_ring":17,"minecraft:sleep_in_bed":3,"minecraft:time_since_death":8616,"minecraft:climb_one_cm":22398,"minecraft:time_since_rest":8645,"minecraft:sprint_one_cm":142999,"minecraft:damage_taken":6860,"minecraft:walk_one_cm":193170,"minecraft:damage_blocked_by_shield":1770,"minecraft:drop":24,"minecraft:damage_dealt":6894,"minecraft:swim_one_cm":2630,"minecraft:fly_one_cm":241930,"minecraft:player_kills":1,"minecraft:open_chest":18,"minecraft:crouch_one_cm":3462,"minecraft:play_time":70733,"minecraft:deaths":19,"minecraft:sneak_time":982,"minecraft:walk_under_water_one_cm":5590,"minecraft:boat_one_cm":120067,"minecraft:jump":1392,"minecraft:walk_on_water_one_cm":7576,"minecraft:total_world_time":70733,"minecraft:fall_one_cm":43588,"minecraft:horse_one_cm":120},"minecraft:killed":{"minecraft:husk":4,"minecraft:spider":2,"minecraft:iron_golem":2,"minecraft:creeper":1,"minecraft:skeleton":6,"minecraft:zombie":7,"iceandfire:deathworm":3,"minecraft:player":1,"iceandfire:myrmex_sentinel":1},"minecraft:mined":{"iceandfire:lightning_lily":3,"minecraft:jungle_leaves":33,"minecraft:orange_terracotta":4,"minecraft:crafting_table":6,"minecraft:ladder":1,"minecraft:red_sand":2,"minecraft:grass_block":16,"minecraft:jungle_planks":5,"minecraft:chest":4,"minecraft:jungle_log":33,"minecraft:dead_bush":1,"minecraft:cyan_bed":5,"minecraft:sugar_cane":25,"minecraft:hay_block":110,"minecraft:white_terracotta":2,"minecraft:lime_bed":8,"minecraft:wheat":4,"minecraft:grass":2,"minecraft:bell":1,"minecraft:oak_log":7,"minecraft:vine":14,"minecraft:sand":10,"minecraft:brown_terracotta":2,"minecraft:bamboo":2,"minecraft:terracotta":15,"minecraft:stone":21,"minecraft:oak_leaves":4,"minecraft:fern":2},"minecraft:crafted":{"minecraft:oak_planks":28,"minecraft:crafting_table":2,"minecraft:wooden_pickaxe":1,"minecraft:bone_meal":3,"minecraft:stone_axe":1,"minecraft:bread":125,"minecraft:jungle_planks":132,"minecraft:oak_boat":1,"minecraft:shield":1,"minecraft:ladder":45,"minecraft:stick":112,"minecraft:stone_pickaxe":2,"minecraft:stone_sword":2,"minecraft:chest":3,"minecraft:stone_hoe":1,"minecraft:wheat":369}},"DataVersion":3465}