{"stats":{"minecraft:mined":{"minecraft:spruce_planks":38,"minecraft:jungle_slab":4,"minecraft:cobblestone_stairs":3,"minecraft:jungle_leaves":52,"minecraft:granite":1,"minecraft:cave_vines_plant":1,"minecraft:spruce_trapdoor":47,"minecraft:red_sand":2,"minecraft:grass_block":96,"minecraft:jungle_log":226,"minecraft:iron_ore":46,"minecraft:barrel":1,"minecraft:pumpkin":8,"minecraft:deepslate_lapis_ore":6,"minecraft:pointed_dripstone":1,"minecraft:flowering_azalea_leaves":2,"minecraft:dirt_path":5,"minecraft:spruce_slab":15,"minecraft:deepslate_redstone_ore":18,"minecraft:orange_terracotta":4,"minecraft:torch":4,"minecraft:blast_furnace":1,"another_furniture:spruce_chair":2,"minecraft:chest":5,"minecraft:dead_bush":1,"minecraft:cobblestone":87,"minecraft:oak_planks":3,"minecraft:cyan_bed":5,"minecraft:sugar_cane":56,"minecraft:wall_torch":8,"minecraft:white_terracotta":2,"minecraft:wheat":4,"minecraft:grass":15,"minecraft:oak_log":15,"minecraft:sand":70,"minecraft:dirt":24,"another_furniture:spruce_shelf":5,"minecraft:oak_leaves":5,"minecraft:deepslate":13,"iceandfire:lightning_lily":3,"iceandfire:silver_ore":15,"minecraft:mossy_cobblestone":8,"minecraft:deepslate_diamond_ore":1,"minecraft:ladder":1,"minecraft:spruce_fence":2,"minecraft:jungle_planks":26,"minecraft:spruce_leaves":8,"minecraft:sandstone":3,"minecraft:large_fern":2,"minecraft:hay_block":120,"minecraft:furnace":5,"minecraft:jungle_sapling":2,"minecraft:gold_block":1,"minecraft:bell":2,"minecraft:deepslate_iron_ore":41,"minecraft:vine":18,"minecraft:bamboo_sapling":3,"minecraft:bamboo":29,"minecraft:stone":74,"minecraft:bone_block":16,"minecraft:scaffolding":14,"minecraft:glass_pane":4,"minecraft:spruce_door":6,"minecraft:crafting_table":12,"minecraft:copper_ore":37,"minecraft:lapis_ore":6,"minecraft:deepslate_gold_ore":5,"minecraft:diorite":1,"minecraft:blue_bed":8,"minecraft:spruce_stairs":15,"minecraft:cactus":1,"minecraft:purple_bed":4,"minecraft:lime_bed":11,"minecraft:cobblestone_wall":7,"minecraft:spruce_log":151,"minecraft:coal_ore":71,"minecraft:gravel":51,"minecraft:dripstone_block":1,"minecraft:brown_terracotta":2,"minecraft:terracotta":15,"minecraft:gold_ore":1,"minecraft:fern":8},"minecraft:killed":{"minecraft:spider":2,"minecraft:skeleton":16,"iceandfire:myrmex_worker":1,"minecraft:zombie_villager":3,"minecraft:iron_golem":3,"minecraft:creeper":2,"minecraft:zombie":15,"minecraft:glow_squid":1,"iceandfire:sea_serpent":1,"minecraft:drowned":4,"iceandfire:deathworm":3,"iceandfire:myrmex_sentinel":1,"minecraft:husk":7,"minecraft:player":2},"minecraft:dropped":{"minecraft:oak_log":5,"minecraft:jungle_planks":28,"minecraft:dirt":2,"minecraft:iron_pickaxe":1,"minecraft:stone_axe":1,"minecraft:sugar_cane":1,"minecraft:cobbled_deepslate":1,"minecraft:rotten_flesh":14,"minecraft:poppy":1,"minecraft:rabbit_hide":1,"minecraft:lime_bed":1,"minecraft:gunpowder":2,"minecraft:azalea":2,"minecraft:bread":3,"minecraft:wheat_seeds":1,"minecraft:golden_helmet":1,"minecraft:cobblestone":35,"minecraft:stick":35,"minecraft:diorite":1,"minecraft:green_dye":1,"minecraft:iron_leggings":1,"minecraft:dead_bush":1,"minecraft:flowering_azalea":1,"minecraft:iron_axe":3,"iceandfire:dragonbone":2,"minecraft:furnace":2,"minecraft:stone_sword":1,"minecraft:iron_chestplate":1,"minecraft:spruce_log":220,"minecraft:red_sand":7,"minecraft:bow":1,"minecraft:stone_pickaxe":1},"minecraft:killed_by":{"minecraft:creeper":1,"iceandfire:siren":1,"iceandfire:sea_serpent":3,"iceandfire:myrmex_soldier":9,"iceandfire:deathworm":1,"iceandfire:myrmex_worker":1,"minecraft:skeleton":4,"iceandfire:myrmex_sentinel":3},"minecraft:used":{"minecraft:red_sand":7,"minecraft:iron_shovel":254,"minecraft:spruce_slab":95,"minecraft:ladder":51,"minecraft:chest":14,"minecraft:shield":79,"minecraft:white_terracotta":2,"minecraft:iron_sword":147,"minecraft:bell":1,"minecraft:rotten_flesh":5,"minecraft:iron_chestplate":1,"minecraft:jungle_planks":31,"minecraft:jungle_slab":64,"minecraft:tuff":2,"minecraft:jungle_sapling":20,"iceandfire:lightning_lily":1,"minecraft:hay_block":8,"minecraft:scaffolding":27,"minecraft:oak_sapling":1,"minecraft:furnace":8,"immersive_aircraft:biplane":14,"another_furniture:spruce_chair":5,"minecraft:diorite":1,"minecraft:spruce_door":4,"minecraft:stone_pickaxe":104,"minecraft:oak_planks":5,"minecraft:wooden_pickaxe":44,"minecraft:sandstone":2,"minecraft:blue_bed":7,"minecraft:sugar_cane":25,"minecraft:jungle_boat":1,"minecraft:sand":3,"minecraft:blast_furnace":1,"minecraft:dripstone_block":1,"minecraft:cyan_bed":4,"minecraft:bread":85,"minecraft:gravel":2,"minecraft:oak_boat":7,"minecraft:bone_meal":24,"minecraft:stone_sword":124,"minecraft:spruce_planks":32,"minecraft:stone_hoe":131,"minecraft:torch":25,"minecraft:dirt":63,"minecraft:spruce_stairs":15,"minecraft:cobblestone_wall":5,"minecraft:golden_shovel":16,"minecraft:granite":6,"minecraft:spruce_fence":8,"minecraft:brown_terracotta":2,"another_furniture:spruce_shelf":7,"minecraft:iron_axe":312,"minecraft:jungle_log":15,"minecraft:barrel":3,"minecraft:bamboo":74,"minecraft:white_stained_glass_pane":15,"minecraft:cobbled_deepslate":13,"minecraft:orange_terracotta":8,"minecraft:cobblestone_stairs":3,"minecraft:fletching_table":1,"minecraft:mossy_cobblestone":2,"minecraft:terracotta":15,"minecraft:crafting_table":13,"minecraft:lime_bed":5,"minecraft:spruce_log":26,"minecraft:iron_pickaxe":349,"minecraft:spruce_trapdoor":50,"minecraft:spruce_sapling":1,"minecraft:stone_axe":312,"minecraft:cobblestone":96,"minecraft:purple_bed":3},"minecraft:custom":{"minecraft:interact_with_crafting_table":95,"minecraft:open_barrel":1,"minecraft:bell_ring":17,"minecraft:leave_game":1,"minecraft:time_since_death":8266,"minecraft:sprint_one_cm":542617,"minecraft:damage_blocked_by_shield":4695,"minecraft:drop":54,"minecraft:talked_to_villager":15,"minecraft:play_time":277746,"minecraft:deaths":24,"minecraft:jump":4685,"minecraft:walk_on_water_one_cm":49650,"minecraft:interact_with_furnace":78,"minecraft:sleep_in_bed":8,"minecraft:waystone_activated":1,"minecraft:damage_dealt":15296,"minecraft:player_kills":3,"minecraft:crouch_one_cm":29304,"minecraft:horse_one_cm":120,"minecraft:mob_kills":63,"minecraft:climb_one_cm":35056,"minecraft:walk_one_cm":715337,"minecraft:sneak_time":10282,"minecraft:walk_under_water_one_cm":40466,"minecraft:boat_one_cm":238970,"minecraft:interact_with_blast_furnace":12,"minecraft:total_world_time":277746,"minecraft:time_since_rest":8024,"minecraft:damage_taken":10977,"minecraft:swim_one_cm":67447,"minecraft:fly_one_cm":774536,"minecraft:open_chest":142,"minecraft:fall_one_cm":117393},"minecraft:picked_up":{"minecraft:wheat":4,"minecraft:string":1,"minecraft:raw_copper":153,"iceandfire:sea_serpent_scales_teal":7,"minecraft:red_sand":14,"minecraft:cobbled_deepslate":14,"minecraft:spruce_planks":38,"iceandfire:myrmex_desert_resin":2,"minecraft:azalea":2,"minecraft:furnace":5,"minecraft:stick":61,"minecraft:brown_terracotta":2,"minecraft:torch":23,"minecraft:spruce_stairs":15,"minecraft:pointed_dripstone":2,"minecraft:diorite":2,"another_furniture:spruce_chair":2,"iceandfire:lightning_lily":3,"minecraft:cactus":3,"minecraft:rotten_flesh":51,"iceandfire:deathworm_chitin_yellow":6,"minecraft:white_terracotta":2,"minecraft:cobblestone":260,"minecraft:jungle_log":315,"minecraft:andesite":3,"minecraft:flint":4,"minecraft:tuff":2,"minecraft:lapis_lazuli":85,"minecraft:dirt":133,"minecraft:bone":13,"minecraft:bow":1,"minecraft:wheat_seeds":18,"minecraft:raw_gold":6,"minecraft:bell":2,"minecraft:rabbit":1,"minecraft:bamboo":140,"minecraft:oak_planks":3,"iceandfire:shiny_scales":3,"iceandfire:dragon_skull_fire":1,"minecraft:sand":68,"minecraft:jungle_planks":110,"minecraft:dead_bush":1,"minecraft:cyan_bed":5,"minecraft:jungle_slab":4,"iceandfire:myrmex_stinger":1,"minecraft:barrel":1,"minecraft:mossy_cobblestone":11,"minecraft:diamond":1,"minecraft:granite":6,"minecraft:bread":2,"minecraft:oak_sapling":4,"iceandfire:raw_silver":15,"minecraft:cocoa_beans":6,"minecraft:crafting_table":11,"minecraft:ladder":1,"minecraft:gold_block":2,"immersive_aircraft:biplane":13,"minecraft:iron_axe":1,"another_furniture:spruce_shelf":5,"minecraft:oak_boat":5,"minecraft:jungle_sapling":24,"minecraft:poppy":2,"minecraft:spruce_slab":19,"minecraft:sugar_cane":86,"minecraft:chest":5,"minecraft:spruce_trapdoor":45,"minecraft:raw_iron":93,"minecraft:sandstone":2,"iceandfire:dragonbone":28,"minecraft:copper_ingot":1,"minecraft:spruce_fence":2,"minecraft:trident":1,"minecraft:redstone":79,"minecraft:prismarine_crystals":2,"minecraft:arrow":20,"minecraft:hay_block":121,"minecraft:glow_berries":4,"minecraft:bone_block":16,"minecraft:lime_bed":13,"iceandfire:sea_serpent_fang":1,"minecraft:glow_ink_sac":9,"minecraft:salmon":2,"minecraft:oak_log":15,"minecraft:cobblestone_wall":7,"minecraft:gunpowder":4,"minecraft:cobblestone_stairs":3,"minecraft:blue_bed":8,"minecraft:orange_terracotta":8,"minecraft:rabbit_hide":1,"minecraft:iron_ingot":13,"minecraft:flowering_azalea":1,"minecraft:scaffolding":16,"minecraft:pumpkin":7,"minecraft:dripstone_block":1,"minecraft:gravel":47,"minecraft:spruce_sapling":18,"minecraft:blast_furnace":1,"minecraft:spruce_log":330,"minecraft:spruce_door":6,"minecraft:spider_eye":1,"minecraft:purple_bed":4,"minecraft:stone_axe":1,"minecraft:terracotta":15,"minecraft:coal":108},"minecraft:crafted":{"immersive_aircraft:engine":1,"minecraft:smooth_stone":6,"minecraft:oak_planks":40,"minecraft:barrel":2,"immersive_aircraft:sturdy_pipes":1,"minecraft:stone":6,"another_furniture:spruce_shelf":3,"minecraft:glass":8,"immersive_aircraft:hull":3,"immersive_aircraft:steel_boiler":1,"minecraft:chest":9,"minecraft:stone_hoe":1,"minecraft:crafting_table":4,"minecraft:spruce_planks":176,"minecraft:jungle_boat":1,"minecraft:wooden_pickaxe":1,"minecraft:copper_ingot":24,"minecraft:fletching_table":1,"minecraft:white_stained_glass_pane":16,"immersive_aircraft:propeller":1,"minecraft:spruce_trapdoor":6,"minecraft:iron_chestplate":2,"minecraft:shield":3,"minecraft:stick":156,"minecraft:iron_pickaxe":4,"minecraft:iron_ingot":93,"minecraft:stone_sword":2,"minecraft:furnace":9,"minecraft:blast_furnace":2,"immersive_aircraft:biplane":1,"minecraft:piston":2,"minecraft:bone_meal":30,"minecraft:spruce_fence":6,"minecraft:scaffolding":12,"another_furniture:spruce_chair":3,"minecraft:spruce_stairs":4,"minecraft:iron_axe":3,"minecraft:ladder":54,"minecraft:spruce_slab":102,"minecraft:stone_pickaxe":2,"minecraft:wheat":396,"iceandfire:silver_ingot":15,"immersive_aircraft:boiler":2,"minecraft:iron_sword":1,"minecraft:stone_axe":4,"minecraft:white_stained_glass":8,"minecraft:jungle_slab":60,"minecraft:bread":188,"minecraft:air":0,"minecraft:jungle_planks":144,"minecraft:oak_boat":2,"minecraft:white_dye":1,"minecraft:iron_shovel":1,"minecraft:iron_leggings":2,"minecraft:torch":4},"minecraft:broken":{"minecraft:iron_shovel":1,"minecraft:stone_axe":1,"minecraft:stone_sword":1,"minecraft:stone_hoe":1,"minecraft:shield":2,"minecraft:iron_axe":1,"minecraft:iron_pickaxe":1}},"DataVersion":3465}