{"stats":{"minecraft:broken":{"minecraft:stone_pickaxe":1},"minecraft:used":{"minecraft:red_sand":6,"minecraft:stone_sword":46,"minecraft:stone_pickaxe":129,"minecraft:wooden_pickaxe":2,"minecraft:sandstone":27,"minecraft:bell":1,"minecraft:stone_hoe":55,"minecraft:torch":7,"minecraft:sand":61,"minecraft:lime_bed":2,"minecraft:crafting_table":4,"minecraft:jungle_planks":104,"minecraft:cyan_bed":5,"minecraft:bread":7,"minecraft:jungle_log":5,"minecraft:gravel":2,"minecraft:cobblestone":1,"minecraft:hay_block":1,"minecraft:furnace":1},"minecraft:killed_by":{"minecraft:husk":1,"minecraft:player":1,"iceandfire:deathworm":1,"iceandfire:myrmex_worker":1,"minecraft:skeleton":9,"minecraft:creeper":1,"iceandfire:myrmex_soldier":2,"iceandfire:myrmex_sentinel":2},"minecraft:dropped":{"minecraft:sugar_cane":4,"minecraft:rotten_flesh":9,"minecraft:jungle_planks":4,"minecraft:salmon":2,"minecraft:dead_bush":1,"iceandfire:deathworm_chitin_yellow":1,"iceandfire:dragonbone":11,"minecraft:bone":1},"minecraft:picked_up":{"minecraft:lime_bed":2,"minecraft:crafting_table":4,"minecraft:salmon":2,"minecraft:jungle_log":21,"minecraft:string":2,"minecraft:bone":1,"minecraft:red_sand":7,"minecraft:bell":1,"minecraft:stone_pickaxe":1,"minecraft:sugar_cane":16,"minecraft:stick":3,"minecraft:sandstone":30,"iceandfire:dragonbone":11,"minecraft:torch":14,"minecraft:gravel":2,"iceandfire:dragon_skull_fire":1,"minecraft:jungle_planks":47,"minecraft:sand":83,"minecraft:ink_sac":3,"minecraft:diorite":1,"minecraft:cyan_bed":5,"minecraft:jungle_slab":1,"minecraft:stone_sword":1,"minecraft:rotten_flesh":15,"iceandfire:deathworm_chitin_yellow":1,"minecraft:hay_block":43,"minecraft:bread":3,"minecraft:oak_sapling":1,"minecraft:cobblestone":72},"minecraft:custom":{"minecraft:mob_kills":7,"minecraft:interact_with_crafting_table":16,"minecraft:bell_ring":60,"minecraft:leave_game":1,"minecraft:time_since_death":32481,"minecraft:sleep_in_bed":4,"minecraft:climb_one_cm":23515,"minecraft:time_since_rest":20774,"minecraft:sprint_one_cm":79502,"minecraft:damage_taken":6819,"minecraft:walk_one_cm":379048,"minecraft:drop":33,"minecraft:damage_dealt":2856,"minecraft:swim_one_cm":4624,"minecraft:fly_one_cm":112151,"minecraft:open_chest":5,"minecraft:crouch_one_cm":3970,"minecraft:play_time":95509,"minecraft:deaths":21,"minecraft:sneak_time":2098,"minecraft:walk_under_water_one_cm":7435,"minecraft:boat_one_cm":123141,"minecraft:jump":1305,"minecraft:walk_on_water_one_cm":13246,"minecraft:total_world_time":95509,"minecraft:fall_one_cm":37761,"minecraft:horse_one_cm":2167},"minecraft:mined":{"minecraft:jungle_slab":1,"minecraft:jungle_leaves":6,"minecraft:crafting_table":3,"minecraft:torch":4,"minecraft:jungle_planks":23,"minecraft:jungle_log":25,"minecraft:dead_bush":3,"minecraft:cyan_bed":5,"minecraft:sugar_cane":3,"minecraft:diorite":1,"minecraft:sandstone":29,"minecraft:wall_torch":10,"minecraft:seagrass":1,"minecraft:hay_block":45,"minecraft:lime_bed":2,"minecraft:bell":1,"minecraft:vine":4,"minecraft:gravel":2,"minecraft:sand":32,"minecraft:stone":70},"minecraft:killed":{"minecraft:husk":1,"minecraft:salmon":2,"minecraft:spider":1,"minecraft:zombie":2},"minecraft:crafted":{"minecraft:furnace":1,"minecraft:stone_axe":1,"minecraft:bread":63,"minecraft:jungle_planks":64,"minecraft:stick":4,"minecraft:stone_pickaxe":1,"minecraft:stone_hoe":1,"minecraft:wheat":378}},"DataVersion":3465}