{"stats":{"minecraft:used":{"minecraft:stone_sword":13,"minecraft:cyan_bed":2,"minecraft:stone_pickaxe":7,"minecraft:bread":4,"minecraft:bell":1,"minecraft:stone_hoe":52,"minecraft:hay_block":1,"minecraft:lime_bed":1},"minecraft:dropped":{"minecraft:sugar_cane":4,"minecraft:dead_bush":1,"minecraft:salmon":2},"minecraft:picked_up":{"minecraft:lime_bed":1,"minecraft:stick":3,"minecraft:crafting_table":2,"iceandfire:dragonbone":11,"minecraft:salmon":2,"minecraft:torch":12,"iceandfire:dragon_skull_fire":1,"minecraft:ink_sac":3,"minecraft:cyan_bed":2,"minecraft:string":2,"minecraft:stone_sword":1,"minecraft:rotten_flesh":2,"minecraft:bell":1,"minecraft:hay_block":43,"minecraft:stone_pickaxe":1,"minecraft:bread":3,"minecraft:sugar_cane":16,"minecraft:cobblestone":2},"minecraft:custom":{"minecraft:time_since_rest":17751,"minecraft:sprint_one_cm":47768,"minecraft:damage_taken":485,"minecraft:walk_one_cm":140434,"minecraft:mob_kills":4,"minecraft:drop":7,"minecraft:damage_dealt":1175,"minecraft:swim_one_cm":4624,"minecraft:interact_with_crafting_table":7,"minecraft:fly_one_cm":62958,"minecraft:crouch_one_cm":1130,"minecraft:play_time":30036,"minecraft:deaths":1,"minecraft:bell_ring":11,"minecraft:sneak_time":408,"minecraft:walk_under_water_one_cm":6784,"minecraft:boat_one_cm":123141,"minecraft:jump":449,"minecraft:leave_game":1,"minecraft:walk_on_water_one_cm":7017,"minecraft:time_since_death":17663,"minecraft:climb_one_cm":403,"minecraft:total_world_time":30036,"minecraft:fall_one_cm":10035,"minecraft:horse_one_cm":2092},"minecraft:killed":{"minecraft:zombie":1,"minecraft:salmon":2,"minecraft:spider":1},"minecraft:mined":{"minecraft:hay_block":44,"minecraft:lime_bed":1,"minecraft:crafting_table":1,"minecraft:torch":3,"minecraft:bell":1,"minecraft:dead_bush":2,"minecraft:cyan_bed":2,"minecraft:sugar_cane":3,"minecraft:wall_torch":9},"minecraft:crafted":{"minecraft:stone_hoe":1,"minecraft:bread":63,"minecraft:wheat":378}},"DataVersion":3465}