{"stats":{"minecraft:broken":{"minecraft:stone_pickaxe":1},"minecraft:used":{"minecraft:red_sand":6,"minecraft:stone_sword":51,"minecraft:stone_pickaxe":187,"minecraft:wooden_pickaxe":2,"minecraft:sandstone":56,"minecraft:bell":1,"minecraft:stone_hoe":63,"minecraft:torch":8,"minecraft:sand":84,"minecraft:lime_bed":2,"minecraft:crafting_table":4,"minecraft:jungle_planks":105,"minecraft:cyan_bed":5,"minecraft:bread":11,"minecraft:jungle_log":5,"minecraft:gravel":3,"minecraft:stone_axe":7,"minecraft:cobblestone":11,"minecraft:hay_block":1,"minecraft:furnace":1},"minecraft:killed_by":{"minecraft:husk":2,"minecraft:player":1,"iceandfire:deathworm":1,"iceandfire:myrmex_worker":1,"minecraft:skeleton":9,"minecraft:creeper":1,"iceandfire:myrmex_soldier":2,"iceandfire:myrmex_sentinel":2},"minecraft:dropped":{"minecraft:sugar_cane":7,"iceandfire:myrmex_desert_resin":1,"minecraft:raw_iron":6,"minecraft:cobblestone":64,"minecraft:rotten_flesh":9,"minecraft:jungle_planks":56,"minecraft:salmon":2,"minecraft:hay_block":1,"minecraft:gunpowder":1,"minecraft:diorite":1,"minecraft:dead_bush":1,"minecraft:arrow":2,"iceandfire:deathworm_chitin_yellow":1,"iceandfire:dragonbone":26,"minecraft:bone":3},"minecraft:picked_up":{"minecraft:lime_bed":2,"minecraft:crafting_table":4,"minecraft:salmon":2,"minecraft:jungle_log":34,"minecraft:gunpowder":1,"minecraft:string":2,"minecraft:bone":3,"minecraft:red_sand":7,"minecraft:bell":1,"minecraft:stone_pickaxe":1,"iceandfire:myrmex_desert_resin":1,"minecraft:sugar_cane":19,"minecraft:stick":3,"minecraft:raw_iron":6,"minecraft:sandstone":56,"iceandfire:dragonbone":26,"minecraft:torch":16,"minecraft:gravel":3,"iceandfire:dragon_skull_fire":1,"minecraft:jungle_planks":47,"minecraft:sand":91,"minecraft:ink_sac":3,"minecraft:diorite":1,"minecraft:cyan_bed":5,"minecraft:jungle_slab":1,"minecraft:stone_sword":1,"minecraft:arrow":2,"minecraft:rotten_flesh":15,"iceandfire:deathworm_chitin_yellow":1,"minecraft:hay_block":44,"minecraft:bread":3,"minecraft:oak_sapling":1,"minecraft:cobblestone":91},"minecraft:custom":{"minecraft:mob_kills":9,"minecraft:interact_with_crafting_table":17,"minecraft:bell_ring":64,"minecraft:leave_game":1,"minecraft:time_since_death":7693,"minecraft:sleep_in_bed":5,"minecraft:climb_one_cm":23515,"minecraft:time_since_rest":7743,"minecraft:sprint_one_cm":97790,"minecraft:damage_taken":7349,"minecraft:walk_one_cm":423008,"minecraft:drop":47,"minecraft:damage_dealt":3133,"minecraft:swim_one_cm":8830,"minecraft:fly_one_cm":139078,"minecraft:open_chest":5,"minecraft:crouch_one_cm":4021,"minecraft:play_time":107509,"minecraft:deaths":22,"minecraft:sneak_time":2284,"minecraft:walk_under_water_one_cm":8122,"minecraft:boat_one_cm":123141,"minecraft:jump":1567,"minecraft:walk_on_water_one_cm":14631,"minecraft:total_world_time":107509,"minecraft:fall_one_cm":45944,"minecraft:horse_one_cm":2167},"minecraft:mined":{"minecraft:jungle_slab":1,"minecraft:jungle_leaves":6,"minecraft:crafting_table":3,"minecraft:torch":4,"minecraft:jungle_planks":23,"minecraft:jungle_log":38,"minecraft:dead_bush":4,"minecraft:cyan_bed":5,"minecraft:sugar_cane":6,"minecraft:diorite":1,"minecraft:sandstone":55,"minecraft:wall_torch":12,"minecraft:seagrass":1,"minecraft:hay_block":45,"minecraft:lime_bed":2,"minecraft:iron_ore":6,"minecraft:bell":1,"minecraft:vine":5,"minecraft:gravel":3,"minecraft:sand":40,"minecraft:stone":89},"minecraft:killed":{"minecraft:husk":2,"minecraft:salmon":2,"minecraft:spider":1,"minecraft:zombie":2},"minecraft:crafted":{"minecraft:furnace":1,"minecraft:stone_axe":1,"minecraft:bread":63,"minecraft:jungle_planks":116,"minecraft:stick":4,"minecraft:stone_pickaxe":1,"minecraft:stone_hoe":1,"minecraft:wheat":378}},"DataVersion":3465}