{"stats":{"minecraft:mined":{"minecraft:spruce_planks":2,"minecraft:mossy_cobblestone":16,"minecraft:jungle_slab":1,"minecraft:jungle_leaves":23,"minecraft:spruce_trapdoor":3,"minecraft:grass_block":2,"minecraft:jungle_planks":29,"minecraft:jungle_log":211,"minecraft:spruce_leaves":9,"minecraft:sandstone":55,"minecraft:large_fern":1,"minecraft:hay_block":45,"minecraft:iron_ore":6,"minecraft:bell":2,"minecraft:vine":10,"minecraft:bamboo":32,"minecraft:stone":90,"minecraft:glass_pane":4,"minecraft:crafting_table":4,"minecraft:torch":6,"minecraft:dead_bush":4,"minecraft:cobblestone":164,"minecraft:cyan_bed":6,"minecraft:sugar_cane":7,"minecraft:diorite":1,"minecraft:blue_bed":3,"minecraft:wall_torch":12,"minecraft:seagrass":2,"minecraft:purple_bed":3,"minecraft:lime_bed":2,"minecraft:spruce_log":162,"minecraft:coal_ore":23,"minecraft:sand":44,"minecraft:gravel":3,"minecraft:dirt":3},"minecraft:killed":{"minecraft:spider":1,"minecraft:drowned":2,"minecraft:husk":2,"minecraft:salmon":2,"minecraft:zombie":3,"minecraft:villager":4},"minecraft:dropped":{"minecraft:bread":11,"minecraft:mossy_cobblestone":2,"minecraft:crafting_table":1,"immersive_aircraft:biplane":2,"minecraft:cobblestone":87,"minecraft:jungle_planks":80,"minecraft:stick":10,"minecraft:gold_block":1,"minecraft:dirt":2,"minecraft:diorite":1,"iceandfire:lightning_lily":4,"minecraft:dead_bush":1,"minecraft:jungle_sapling":3,"minecraft:iron_axe":1,"minecraft:spruce_sapling":2,"iceandfire:dragonbone":26,"minecraft:bone":3,"minecraft:stone_axe":1,"minecraft:sugar_cane":7,"iceandfire:myrmex_desert_resin":1,"minecraft:raw_iron":6,"minecraft:rotten_flesh":9,"minecraft:salmon":2,"minecraft:lime_bed":1,"minecraft:hay_block":1,"minecraft:gunpowder":1,"minecraft:jungle_log":73,"minecraft:oak_boat":2,"minecraft:oak_sapling":3,"minecraft:spruce_log":10,"minecraft:arrow":2,"iceandfire:deathworm_chitin_yellow":1},"minecraft:killed_by":{"minecraft:husk":2,"minecraft:player":3,"iceandfire:myrmex_worker":1,"iceandfire:deathworm":1,"minecraft:creeper":1,"minecraft:iron_golem":1,"iceandfire:sea_serpent":3,"minecraft:skeleton":9,"minecraft:zombie":1,"iceandfire:myrmex_soldier":2,"iceandfire:myrmex_sentinel":2},"minecraft:used":{"minecraft:red_sand":6,"minecraft:stone_sword":100,"minecraft:bell":1,"minecraft:stone_hoe":70,"minecraft:torch":10,"minecraft:dirt":4,"minecraft:jungle_planks":105,"minecraft:iron_axe":253,"minecraft:jungle_log":103,"minecraft:hay_block":5,"minecraft:scaffolding":1,"minecraft:furnace":1,"minecraft:cobbled_deepslate":1,"minecraft:spruce_door":1,"minecraft:stone_pickaxe":260,"minecraft:wooden_pickaxe":8,"minecraft:sandstone":56,"minecraft:blue_bed":3,"minecraft:mossy_cobblestone":11,"minecraft:sand":93,"minecraft:lime_bed":2,"minecraft:crafting_table":5,"minecraft:spruce_log":188,"minecraft:cyan_bed":5,"minecraft:bread":30,"minecraft:iron_pickaxe":189,"minecraft:gravel":3,"minecraft:stone_axe":137,"minecraft:cobblestone":183,"minecraft:purple_bed":3},"minecraft:crafted":{"minecraft:furnace":1,"minecraft:stone_pickaxe":1,"minecraft:stone_hoe":1,"minecraft:wheat":378,"minecraft:wooden_pickaxe":1,"minecraft:stone_axe":1,"minecraft:jungle_slab":6,"minecraft:bread":63,"minecraft:jungle_planks":140,"minecraft:stick":4},"minecraft:custom":{"minecraft:mob_kills":16,"minecraft:interact_with_crafting_table":24,"minecraft:bell_ring":71,"minecraft:leave_game":2,"minecraft:time_since_death":1397,"minecraft:climb_one_cm":33807,"minecraft:sprint_one_cm":185847,"minecraft:walk_one_cm":923703,"minecraft:drop":139,"minecraft:talked_to_villager":3,"minecraft:play_time":236767,"minecraft:deaths":29,"minecraft:sneak_time":6433,"minecraft:walk_under_water_one_cm":22919,"minecraft:boat_one_cm":190065,"minecraft:jump":2897,"minecraft:walk_on_water_one_cm":49943,"minecraft:total_world_time":236767,"minecraft:interact_with_furnace":1,"minecraft:interact_with_grindstone":1,"minecraft:sleep_in_bed":10,"minecraft:time_since_rest":1435,"minecraft:damage_taken":10671,"minecraft:damage_dealt":5355,"minecraft:fly_one_cm":204113,"minecraft:swim_one_cm":9857,"minecraft:open_chest":21,"minecraft:crouch_one_cm":12300,"minecraft:fall_one_cm":78685,"minecraft:horse_one_cm":2167},"minecraft:picked_up":{"minecraft:crafting_table":6,"minecraft:iron_chestplate":1,"minecraft:gold_block":1,"minecraft:string":2,"immersive_aircraft:biplane":2,"minecraft:iron_axe":3,"minecraft:iron_leggings":1,"minecraft:red_sand":7,"minecraft:cobbled_deepslate":1,"minecraft:spruce_planks":2,"minecraft:oak_boat":2,"iceandfire:myrmex_desert_resin":1,"minecraft:jungle_sapling":3,"minecraft:iron_pickaxe":1,"minecraft:sugar_cane":19,"minecraft:spruce_trapdoor":5,"minecraft:egg":1,"minecraft:golden_helmet":1,"minecraft:stick":20,"minecraft:raw_iron":6,"minecraft:sandstone":56,"iceandfire:dragonbone":26,"minecraft:torch":22,"minecraft:diorite":1,"iceandfire:lightning_lily":4,"minecraft:stone_sword":1,"minecraft:arrow":2,"minecraft:rotten_flesh":18,"iceandfire:deathworm_chitin_yellow":1,"minecraft:hay_block":44,"iceandfire:myrmex_desert_chitin":2,"minecraft:cobblestone":277,"minecraft:lime_bed":2,"minecraft:jungle_log":191,"minecraft:salmon":2,"minecraft:gunpowder":1,"minecraft:blue_bed":3,"minecraft:dirt":7,"minecraft:bone":3,"minecraft:bell":2,"minecraft:stone_pickaxe":1,"minecraft:bamboo":182,"minecraft:scaffolding":1,"minecraft:gravel":3,"iceandfire:dragon_skull_fire":1,"minecraft:sand":93,"minecraft:jungle_planks":53,"minecraft:spruce_sapling":10,"minecraft:ink_sac":3,"minecraft:spruce_log":211,"minecraft:cyan_bed":6,"iceandfire:myrmex_stinger":1,"minecraft:jungle_slab":1,"minecraft:spruce_door":1,"minecraft:mossy_cobblestone":13,"minecraft:purple_bed":3,"minecraft:stone_axe":1,"minecraft:bread":3,"minecraft:oak_sapling":4,"minecraft:coal":23},"minecraft:broken":{"minecraft:stone_sword":1,"minecraft:stone_pickaxe":2,"minecraft:iron_axe":1,"minecraft:stone_axe":1,"minecraft:iron_pickaxe":1}},"DataVersion":3465}