{"stats":{"minecraft:broken":{"minecraft:stone_pickaxe":2,"minecraft:iron_axe":1},"minecraft:used":{"minecraft:red_sand":6,"minecraft:stone_sword":61,"minecraft:spruce_door":1,"minecraft:stone_pickaxe":260,"minecraft:wooden_pickaxe":2,"minecraft:sandstone":56,"minecraft:bell":1,"minecraft:stone_hoe":70,"minecraft:mossy_cobblestone":11,"minecraft:torch":8,"minecraft:dirt":2,"minecraft:sand":93,"minecraft:lime_bed":2,"minecraft:crafting_table":4,"minecraft:jungle_planks":105,"minecraft:spruce_log":137,"minecraft:iron_axe":189,"minecraft:cyan_bed":5,"minecraft:bread":16,"minecraft:iron_pickaxe":72,"minecraft:jungle_log":102,"minecraft:gravel":3,"minecraft:stone_axe":124,"minecraft:cobblestone":145,"minecraft:hay_block":5,"minecraft:furnace":1},"minecraft:killed_by":{"minecraft:husk":2,"minecraft:player":1,"iceandfire:deathworm":1,"iceandfire:myrmex_worker":1,"minecraft:skeleton":9,"minecraft:creeper":1,"minecraft:zombie":1,"minecraft:iron_golem":1,"iceandfire:myrmex_soldier":2,"iceandfire:myrmex_sentinel":2},"minecraft:dropped":{"minecraft:bread":1,"minecraft:stone_axe":1,"minecraft:sugar_cane":7,"iceandfire:myrmex_desert_resin":1,"minecraft:raw_iron":6,"minecraft:cobblestone":75,"minecraft:rotten_flesh":9,"minecraft:jungle_planks":80,"minecraft:salmon":2,"minecraft:stick":10,"minecraft:lime_bed":1,"minecraft:hay_block":1,"minecraft:gunpowder":1,"minecraft:diorite":1,"iceandfire:lightning_lily":4,"minecraft:jungle_log":73,"minecraft:oak_sapling":3,"minecraft:dead_bush":1,"minecraft:jungle_sapling":3,"minecraft:spruce_log":10,"minecraft:iron_axe":1,"minecraft:arrow":2,"iceandfire:deathworm_chitin_yellow":1,"iceandfire:dragonbone":26,"minecraft:bone":3},"minecraft:picked_up":{"minecraft:iron_chestplate":1,"minecraft:lime_bed":2,"minecraft:crafting_table":4,"minecraft:salmon":2,"minecraft:jungle_log":190,"minecraft:gunpowder":1,"minecraft:dirt":2,"minecraft:string":2,"minecraft:iron_axe":2,"minecraft:bone":3,"minecraft:red_sand":7,"minecraft:bell":2,"minecraft:spruce_planks":1,"minecraft:stone_pickaxe":1,"iceandfire:myrmex_desert_resin":1,"minecraft:jungle_sapling":3,"minecraft:iron_pickaxe":1,"minecraft:sugar_cane":19,"minecraft:spruce_trapdoor":3,"minecraft:stick":14,"minecraft:raw_iron":6,"minecraft:sandstone":56,"iceandfire:dragonbone":26,"minecraft:torch":20,"minecraft:gravel":3,"iceandfire:dragon_skull_fire":1,"minecraft:jungle_planks":53,"minecraft:sand":93,"minecraft:spruce_sapling":6,"minecraft:ink_sac":3,"minecraft:diorite":1,"minecraft:spruce_log":151,"minecraft:cyan_bed":6,"minecraft:spruce_door":1,"minecraft:jungle_slab":1,"minecraft:mossy_cobblestone":13,"iceandfire:lightning_lily":4,"minecraft:stone_sword":1,"minecraft:arrow":2,"minecraft:rotten_flesh":18,"minecraft:stone_axe":1,"iceandfire:deathworm_chitin_yellow":1,"minecraft:hay_block":44,"minecraft:bread":3,"minecraft:oak_sapling":4,"minecraft:cobblestone":227},"minecraft:custom":{"minecraft:mob_kills":12,"minecraft:interact_with_crafting_table":21,"minecraft:bell_ring":71,"minecraft:leave_game":1,"minecraft:time_since_death":2612,"minecraft:sleep_in_bed":8,"minecraft:climb_one_cm":25720,"minecraft:time_since_rest":2644,"minecraft:sprint_one_cm":115078,"minecraft:damage_taken":8142,"minecraft:walk_one_cm":684537,"minecraft:drop":105,"minecraft:damage_dealt":3850,"minecraft:swim_one_cm":8830,"minecraft:fly_one_cm":146272,"minecraft:open_chest":14,"minecraft:crouch_one_cm":8691,"minecraft:play_time":179509,"minecraft:deaths":24,"minecraft:sneak_time":5149,"minecraft:walk_under_water_one_cm":12487,"minecraft:boat_one_cm":123141,"minecraft:jump":2105,"minecraft:walk_on_water_one_cm":35637,"minecraft:total_world_time":179509,"minecraft:fall_one_cm":53392,"minecraft:horse_one_cm":2167},"minecraft:killed":{"minecraft:husk":2,"minecraft:salmon":2,"minecraft:spider":1,"minecraft:zombie":3,"minecraft:drowned":2},"minecraft:mined":{"minecraft:spruce_planks":1,"minecraft:glass_pane":4,"minecraft:mossy_cobblestone":15,"minecraft:jungle_slab":1,"minecraft:jungle_leaves":23,"minecraft:spruce_trapdoor":3,"minecraft:crafting_table":3,"minecraft:torch":5,"minecraft:jungle_planks":29,"minecraft:jungle_log":210,"minecraft:dead_bush":4,"minecraft:cobblestone":121,"minecraft:spruce_leaves":4,"minecraft:cyan_bed":6,"minecraft:sugar_cane":6,"minecraft:diorite":1,"minecraft:sandstone":55,"minecraft:wall_torch":12,"minecraft:seagrass":2,"minecraft:hay_block":45,"minecraft:lime_bed":2,"minecraft:iron_ore":6,"minecraft:spruce_log":101,"minecraft:bell":2,"minecraft:vine":10,"minecraft:dirt":2,"minecraft:gravel":3,"minecraft:sand":44,"minecraft:stone":89},"minecraft:crafted":{"minecraft:furnace":1,"minecraft:stone_axe":1,"minecraft:bread":63,"minecraft:jungle_planks":140,"minecraft:stick":4,"minecraft:stone_pickaxe":1,"minecraft:stone_hoe":1,"minecraft:wheat":378}},"DataVersion":3465}