{"stats":{"minecraft:used":{"minecraft:stone_sword":6,"minecraft:hay_block":1,"minecraft:bread":2},"minecraft:dropped":{"minecraft:dead_bush":1,"minecraft:sugar_cane":4,"minecraft:salmon":2},"minecraft:picked_up":{"iceandfire:dragonbone":11,"minecraft:stick":1,"minecraft:stone_sword":1,"minecraft:rotten_flesh":2,"minecraft:salmon":2,"minecraft:hay_block":1,"iceandfire:dragon_skull_fire":1,"minecraft:stone_pickaxe":1,"minecraft:bread":3,"minecraft:ink_sac":3,"minecraft:sugar_cane":11,"minecraft:string":2},"minecraft:custom":{"minecraft:time_since_rest":5287,"minecraft:crouch_one_cm":385,"minecraft:deaths":1,"minecraft:play_time":17572,"minecraft:sprint_one_cm":25496,"minecraft:damage_taken":455,"minecraft:walk_one_cm":77879,"minecraft:sneak_time":180,"minecraft:walk_under_water_one_cm":6713,"minecraft:mob_kills":4,"minecraft:boat_one_cm":89272,"minecraft:drop":7,"minecraft:jump":223,"minecraft:damage_dealt":566,"minecraft:time_since_death":5199,"minecraft:walk_on_water_one_cm":6546,"minecraft:total_world_time":17572,"minecraft:swim_one_cm":4624,"minecraft:interact_with_crafting_table":1,"minecraft:fall_one_cm":4213,"minecraft:fly_one_cm":20619,"minecraft:horse_one_cm":2092},"minecraft:killed":{"minecraft:spider":1,"minecraft:zombie":1,"minecraft:salmon":2},"minecraft:mined":{"minecraft:hay_block":1,"minecraft:dead_bush":2,"minecraft:sugar_cane":3}},"DataVersion":3465}