{"stats":{"minecraft:used":{"minecraft:stone_sword":30,"minecraft:bread":4,"minecraft:stone_pickaxe":7,"minecraft:cyan_bed":3,"minecraft:jungle_log":2,"minecraft:bell":1,"minecraft:stone_hoe":52,"minecraft:torch":2,"minecraft:hay_block":1,"minecraft:crafting_table":1,"minecraft:lime_bed":2},"minecraft:killed_by":{"minecraft:husk":1,"minecraft:player":1},"minecraft:dropped":{"minecraft:sugar_cane":4,"minecraft:dead_bush":1,"minecraft:salmon":2},"minecraft:picked_up":{"minecraft:stick":3,"minecraft:lime_bed":2,"minecraft:crafting_table":3,"iceandfire:dragonbone":11,"minecraft:jungle_log":4,"minecraft:salmon":2,"minecraft:torch":13,"iceandfire:dragon_skull_fire":1,"minecraft:ink_sac":3,"minecraft:cyan_bed":3,"minecraft:string":2,"minecraft:stone_sword":1,"minecraft:rotten_flesh":3,"minecraft:bell":1,"minecraft:hay_block":43,"minecraft:stone_pickaxe":1,"minecraft:bread":3,"minecraft:sugar_cane":16,"minecraft:cobblestone":2},"minecraft:custom":{"minecraft:time_since_rest":4123,"minecraft:sprint_one_cm":47917,"minecraft:damage_taken":1005,"minecraft:walk_one_cm":184964,"minecraft:mob_kills":6,"minecraft:drop":7,"minecraft:damage_dealt":1851,"minecraft:swim_one_cm":4624,"minecraft:interact_with_crafting_table":8,"minecraft:fly_one_cm":63397,"minecraft:crouch_one_cm":1386,"minecraft:play_time":41509,"minecraft:deaths":3,"minecraft:sneak_time":619,"minecraft:bell_ring":11,"minecraft:walk_under_water_one_cm":6784,"minecraft:boat_one_cm":123141,"minecraft:jump":623,"minecraft:leave_game":1,"minecraft:sleep_in_bed":2,"minecraft:time_since_death":8113,"minecraft:walk_on_water_one_cm":7017,"minecraft:total_world_time":41509,"minecraft:climb_one_cm":9668,"minecraft:fall_one_cm":12533,"minecraft:horse_one_cm":2092},"minecraft:killed":{"minecraft:husk":1,"minecraft:zombie":2,"minecraft:salmon":2,"minecraft:spider":1},"minecraft:mined":{"minecraft:hay_block":44,"minecraft:lime_bed":2,"minecraft:crafting_table":2,"minecraft:torch":3,"minecraft:bell":1,"minecraft:jungle_log":4,"minecraft:dead_bush":2,"minecraft:cyan_bed":3,"minecraft:sugar_cane":3,"minecraft:wall_torch":9},"minecraft:crafted":{"minecraft:stone_hoe":1,"minecraft:bread":63,"minecraft:wheat":378}},"DataVersion":3465}